customer_id,credit_score,country,gender,age,tenure,balance,products_number,credit_card,active_member,estimated_salary,Predicted_Churn,Churn_Probability (%),Risk_Level,Action
15619304,502,France,Female,42,8,159660.8,3,1,0,113931.57,1,97.0,High Risk,ðŸ“ž Call Immediately
15656148,376,Germany,Female,29,4,115046.74,4,1,0,119346.88,1,94.0,High Risk,ðŸ“ž Call Immediately
15737452,653,Germany,Male,58,1,132602.88,1,1,0,5097.67,1,91.0,High Risk,ðŸ“ž Call Immediately
15794171,475,France,Female,45,0,134264.04,1,1,0,27822.99,1,82.0,High Risk,ðŸ“ž Call Immediately
15771573,637,Germany,Female,39,9,137843.8,1,1,1,117622.8,1,80.0,High Risk,ðŸ“ž Call Immediately
15623944,511,Spain,Female,66,4,0.0,1,1,0,1643.11,1,81.0,High Risk,ðŸ“ž Call Immediately
15703793,738,Germany,Male,58,2,133745.44,4,1,0,28373.86,1,96.0,High Risk,ðŸ“ž Call Immediately
15622897,646,France,Female,46,4,0.0,3,1,0,93251.42,1,97.0,High Risk,ðŸ“ž Call Immediately
15757535,647,Spain,Female,44,5,0.0,3,1,1,174205.22,1,95.0,High Risk,ðŸ“ž Call Immediately
15744689,479,Germany,Male,35,9,92833.89,1,1,0,99449.86,1,82.0,High Risk,ðŸ“ž Call Immediately
15661670,524,Germany,Female,31,8,107818.63,1,1,0,199725.39,1,85.0,High Risk,ðŸ“ž Call Immediately
15671137,549,France,Female,52,1,0.0,1,0,1,8636.05,1,87.0,High Risk,ðŸ“ž Call Immediately
15782688,625,Germany,Male,56,0,148507.24,1,1,0,46824.08,1,94.0,High Risk,ðŸ“ž Call Immediately
15713483,793,Spain,Male,52,2,0.0,1,1,0,159123.82,1,84.0,High Risk,ðŸ“ž Call Immediately
15759618,535,France,Female,48,9,0.0,1,1,0,149892.79,1,91.0,High Risk,ðŸ“ž Call Immediately
15679145,706,Spain,Male,57,7,0.0,1,1,0,17941.16,1,97.0,High Risk,ðŸ“ž Call Immediately
15651022,480,Germany,Male,44,10,129608.57,1,1,0,5472.7,1,91.0,High Risk,ðŸ“ž Call Immediately
15625426,754,Germany,Female,55,3,161608.81,1,1,0,8080.85,1,88.0,High Risk,ðŸ“ž Call Immediately
15719377,804,France,Female,50,4,0.0,1,1,1,8546.87,1,89.0,High Risk,ðŸ“ž Call Immediately
15684181,643,France,Male,45,5,0.0,1,1,0,142513.5,1,81.0,High Risk,ðŸ“ž Call Immediately
15568748,671,Germany,Male,45,6,99564.22,1,1,1,108872.45,1,81.0,High Risk,ðŸ“ž Call Immediately
15676895,547,Germany,Female,39,6,74596.15,3,1,1,85746.52,1,91.0,High Risk,ðŸ“ž Call Immediately
15637753,751,Germany,Male,50,2,96888.39,1,1,0,77206.25,1,92.0,High Risk,ðŸ“ž Call Immediately
15764866,539,Germany,Female,43,3,116220.5,3,1,0,55803.96,1,95.0,High Risk,ðŸ“ž Call Immediately
15794056,668,France,Female,46,2,0.0,3,1,0,89048.46,1,97.0,High Risk,ðŸ“ž Call Immediately
15772423,739,Germany,Male,54,8,126418.14,1,1,0,134420.75,1,96.0,High Risk,ðŸ“ž Call Immediately
15717398,549,Spain,Female,39,7,0.0,1,0,0,81259.25,1,81.0,High Risk,ðŸ“ž Call Immediately
15619955,733,Germany,Male,34,3,100337.96,3,1,0,48559.19,1,94.0,High Risk,ðŸ“ž Call Immediately
15643024,479,Germany,Male,35,4,138718.92,1,1,1,47251.79,1,80.0,High Risk,ðŸ“ž Call Immediately
15684173,687,Spain,Female,44,7,0.0,3,1,0,155853.52,1,96.0,High Risk,ðŸ“ž Call Immediately
15736008,644,France,Female,46,9,95441.27,1,1,0,108761.05,1,85.0,High Risk,ðŸ“ž Call Immediately
15807923,716,Germany,Female,39,10,115301.31,1,1,0,43527.4,1,82.0,High Risk,ðŸ“ž Call Immediately
15583456,745,Germany,Male,45,10,117231.63,3,1,1,122381.02,1,99.0,High Risk,ðŸ“ž Call Immediately
15629677,687,Spain,Female,39,2,0.0,3,0,0,188150.6,1,87.0,High Risk,ðŸ“ž Call Immediately
15801559,693,Germany,Female,41,9,181461.48,3,1,1,187929.43,1,92.0,High Risk,ðŸ“ž Call Immediately
15720559,487,Germany,Female,61,5,110368.03,1,0,0,11384.45,1,87.0,High Risk,ðŸ“ž Call Immediately
15810418,756,Germany,Female,60,3,115924.89,1,1,0,93524.19,1,96.0,High Risk,ðŸ“ž Call Immediately
15674551,535,Germany,Male,40,7,111756.5,1,1,0,8128.32,1,81.0,High Risk,ðŸ“ž Call Immediately
15597602,619,Germany,Male,57,3,137946.39,1,1,1,72467.99,1,81.0,High Risk,ðŸ“ž Call Immediately
15595039,545,Germany,Female,37,8,114754.08,1,1,0,136050.44,1,80.0,High Risk,ðŸ“ž Call Immediately
15787470,553,Spain,Male,47,3,116528.15,1,0,0,145704.19,1,86.0,High Risk,ðŸ“ž Call Immediately
15593782,816,Germany,Female,38,5,130878.75,3,1,0,71905.77,1,96.0,High Risk,ðŸ“ž Call Immediately
15714485,774,France,Male,60,5,85891.55,1,1,0,74135.48,1,96.0,High Risk,ðŸ“ž Call Immediately
15682048,605,France,Female,51,3,136188.78,1,1,1,67110.59,1,80.0,High Risk,ðŸ“ž Call Immediately
15671256,850,France,Female,35,1,211774.31,1,1,0,188574.12,1,80.0,High Risk,ðŸ“ž Call Immediately
15653849,572,Germany,Female,48,3,152827.99,1,1,0,38411.79,1,89.0,High Risk,ðŸ“ž Call Immediately
15776780,608,France,Male,59,1,0.0,1,1,0,70649.64,1,94.0,High Risk,ðŸ“ž Call Immediately
15794142,564,Germany,Female,62,5,114931.35,3,0,1,18260.98,1,93.0,High Risk,ðŸ“ž Call Immediately
15705953,721,Spain,Male,51,0,169312.13,1,1,0,109078.35,1,92.0,High Risk,ðŸ“ž Call Immediately
15802593,504,France,Female,49,7,0.0,3,0,1,87822.14,1,93.0,High Risk,ðŸ“ž Call Immediately
15657284,674,Germany,Male,47,6,106901.94,1,1,1,2079.2,1,89.0,High Risk,ðŸ“ž Call Immediately
15775318,590,Spain,Female,51,3,154962.99,3,0,1,191932.27,1,94.0,High Risk,ðŸ“ž Call Immediately
15651674,438,Spain,Female,54,2,0.0,1,0,0,191763.07,1,93.0,High Risk,ðŸ“ž Call Immediately
15803689,647,Germany,Female,51,1,119741.77,2,0,0,54954.51,1,84.0,High Risk,ðŸ“ž Call Immediately
15722010,621,Spain,Male,53,9,170491.84,1,1,0,35588.07,1,84.0,High Risk,ðŸ“ž Call Immediately
15591047,519,Spain,Female,47,6,157296.02,2,0,0,147278.43,1,86.0,High Risk,ðŸ“ž Call Immediately
15637476,683,Germany,Female,57,5,162448.69,1,0,0,9221.78,1,94.0,High Risk,ðŸ“ž Call Immediately
15683503,601,France,Female,43,8,0.0,3,0,1,110916.15,1,92.0,High Risk,ðŸ“ž Call Immediately
15766575,612,Germany,Female,62,8,140745.33,1,1,0,193437.89,1,95.0,High Risk,ðŸ“ž Call Immediately
15712403,589,France,Female,61,1,0.0,1,1,0,61108.56,1,96.0,High Risk,ðŸ“ž Call Immediately
15811762,583,Germany,Female,54,6,115988.86,1,1,0,57553.98,1,94.0,High Risk,ðŸ“ž Call Immediately
15664610,459,Germany,Male,48,4,133994.52,1,1,1,19287.06,1,89.0,High Risk,ðŸ“ž Call Immediately
15579334,769,Germany,Female,45,5,126674.81,1,1,0,124118.71,1,93.0,High Risk,ðŸ“ž Call Immediately
15802741,625,France,Female,51,7,136294.97,1,1,0,38867.46,1,85.0,High Risk,ðŸ“ž Call Immediately
15620204,543,Germany,Female,57,1,106138.33,2,1,1,120657.32,1,85.0,High Risk,ðŸ“ž Call Immediately
15580148,750,Germany,Male,40,5,168286.81,3,1,0,20451.99,1,97.0,High Risk,ðŸ“ž Call Immediately
15807609,650,Spain,Female,25,3,86605.5,3,1,0,16649.31,1,82.0,High Risk,ðŸ“ž Call Immediately
15721658,672,Spain,Female,56,2,209767.31,2,1,1,150694.42,1,81.0,High Risk,ðŸ“ž Call Immediately
15612525,499,France,Female,57,1,0.0,1,0,0,131372.38,1,95.0,High Risk,ðŸ“ž Call Immediately
15612966,545,Germany,Female,60,7,128981.07,1,0,1,176924.21,1,84.0,High Risk,ðŸ“ž Call Immediately
15641675,611,France,Female,49,2,88915.37,3,0,0,161435.02,1,98.0,High Risk,ðŸ“ž Call Immediately
15672056,710,Germany,Male,43,2,140080.32,3,1,1,157908.19,1,95.0,High Risk,ðŸ“ž Call Immediately
15789158,636,Germany,Male,49,6,113599.74,2,1,0,158887.09,1,90.0,High Risk,ðŸ“ž Call Immediately
15712551,622,Germany,Female,58,7,116922.25,1,1,0,120415.61,1,91.0,High Risk,ðŸ“ž Call Immediately
15571221,747,Germany,Male,58,7,116313.57,1,1,1,190696.35,1,85.0,High Risk,ðŸ“ž Call Immediately
15775306,421,Germany,Male,28,8,122384.22,3,1,1,89017.38,1,92.0,High Risk,ðŸ“ž Call Immediately
15585888,553,Spain,Female,48,3,0.0,1,0,1,30730.95,1,84.0,High Risk,ðŸ“ž Call Immediately
15707567,732,Germany,Male,50,6,145338.76,1,0,0,91936.1,1,90.0,High Risk,ðŸ“ž Call Immediately
15672012,773,Spain,Female,41,5,0.0,1,1,0,28266.9,1,93.0,High Risk,ðŸ“ž Call Immediately
15794048,667,Germany,Female,48,1,97133.92,2,0,0,113316.77,1,80.0,High Risk,ðŸ“ž Call Immediately
15693864,567,Germany,Female,49,5,134956.02,1,1,0,93953.84,1,88.0,High Risk,ðŸ“ž Call Immediately
15692750,629,Germany,Female,45,7,129818.39,3,1,0,9217.55,1,90.0,High Risk,ðŸ“ž Call Immediately
15585362,749,France,Female,60,6,0.0,1,1,0,17978.68,1,95.0,High Risk,ðŸ“ž Call Immediately
15571928,679,France,Female,43,4,0.0,3,1,0,115136.51,1,93.0,High Risk,ðŸ“ž Call Immediately
15772781,703,France,Female,51,3,0.0,3,1,1,77294.56,1,91.0,High Risk,ðŸ“ž Call Immediately
15794580,599,France,Male,58,4,0.0,1,0,0,176407.15,1,90.0,High Risk,ðŸ“ž Call Immediately
15724848,516,France,Female,46,1,104947.72,1,1,0,115789.25,1,81.0,High Risk,ðŸ“ž Call Immediately
15743411,609,Spain,Male,61,1,0.0,1,1,0,22447.85,1,99.0,High Risk,ðŸ“ž Call Immediately
15753337,555,France,Male,51,5,0.0,3,1,0,189122.89,1,94.0,High Risk,ðŸ“ž Call Immediately
15804586,376,France,Female,46,6,0.0,1,1,0,157333.69,1,93.0,High Risk,ðŸ“ž Call Immediately
15731815,529,Spain,Male,63,4,96134.11,3,1,0,108732.96,1,96.0,High Risk,ðŸ“ž Call Immediately
15701602,521,Germany,Male,52,5,116497.31,3,0,0,53793.1,1,93.0,High Risk,ðŸ“ž Call Immediately
15569050,444,France,Male,45,6,0.0,1,1,0,130009.85,1,82.0,High Risk,ðŸ“ž Call Immediately
15644200,807,Spain,Female,42,1,0.0,1,1,0,16500.66,1,82.0,High Risk,ðŸ“ž Call Immediately
15793949,726,France,Female,48,4,0.0,1,1,0,114020.06,1,88.0,High Risk,ðŸ“ž Call Immediately
15705860,631,Germany,Male,40,3,107949.45,1,1,0,52449.62,1,80.0,High Risk,ðŸ“ž Call Immediately
15688963,731,France,Female,52,10,0.0,1,1,1,24998.75,1,82.0,High Risk,ðŸ“ž Call Immediately
15680303,594,France,Male,57,6,0.0,1,1,0,19376.56,1,93.0,High Risk,ðŸ“ž Call Immediately
15648075,686,Germany,Female,47,5,170935.94,1,1,0,173179.79,1,90.0,High Risk,ðŸ“ž Call Immediately
15646513,803,France,Male,42,5,0.0,1,1,0,196466.83,1,85.0,High Risk,ðŸ“ž Call Immediately
15813168,756,Germany,Female,39,3,100717.85,3,1,1,73406.04,1,93.0,High Risk,ðŸ“ž Call Immediately
15798424,833,Germany,Male,59,1,130854.59,1,1,1,30722.52,1,81.0,High Risk,ðŸ“ž Call Immediately
15626147,608,France,Female,62,8,144976.5,1,0,0,175836.03,1,90.0,High Risk,ðŸ“ž Call Immediately
15592583,731,France,Female,47,1,115414.19,3,0,0,191734.67,1,97.0,High Risk,ðŸ“ž Call Immediately
15789955,698,Germany,Male,56,1,112414.81,2,0,0,93982.02,1,84.0,High Risk,ðŸ“ž Call Immediately
15694821,765,Germany,Male,43,4,148962.76,1,0,1,173878.87,1,83.0,High Risk,ðŸ“ž Call Immediately
15669899,755,Germany,Female,45,7,135643.0,1,0,0,143619.52,1,85.0,High Risk,ðŸ“ž Call Immediately
15690007,434,Germany,Female,58,9,125801.03,2,1,0,60891.8,1,88.0,High Risk,ðŸ“ž Call Immediately
15640454,693,Germany,Male,40,0,120711.73,1,0,0,27345.18,1,84.0,High Risk,ðŸ“ž Call Immediately
15588670,705,Spain,Female,40,5,203715.15,1,1,0,179978.68,1,87.0,High Risk,ðŸ“ž Call Immediately
15782454,552,France,Male,49,4,0.0,1,1,1,190296.76,1,85.0,High Risk,ðŸ“ž Call Immediately
15589572,785,Spain,Female,61,4,129855.72,2,1,0,170214.82,1,90.0,High Risk,ðŸ“ž Call Immediately
15779947,363,Spain,Female,28,6,146098.43,3,1,0,100615.14,1,94.0,High Risk,ðŸ“ž Call Immediately
15651052,399,Germany,Male,46,2,127655.22,1,1,0,139994.68,1,83.0,High Risk,ðŸ“ž Call Immediately
15658969,711,France,Male,51,7,0.0,3,1,0,38409.79,1,96.0,High Risk,ðŸ“ž Call Immediately
15674148,579,Spain,Male,33,6,0.0,1,1,0,94993.04,1,80.0,High Risk,ðŸ“ž Call Immediately
15625080,745,Spain,Female,54,8,0.0,1,1,0,173912.29,1,98.0,High Risk,ðŸ“ž Call Immediately
15814930,588,Germany,Female,40,10,125534.51,1,1,0,121504.18,1,83.0,High Risk,ðŸ“ž Call Immediately
15610383,628,France,Female,46,1,46870.43,4,1,0,31272.14,1,96.0,High Risk,ðŸ“ž Call Immediately
15662291,534,France,Female,55,8,116973.26,3,1,0,122066.5,1,100.0,High Risk,ðŸ“ž Call Immediately
15709117,823,Spain,Female,46,3,81576.75,1,1,1,28370.95,1,80.0,High Risk,ðŸ“ž Call Immediately
15644833,675,France,Male,54,2,0.0,1,1,0,149583.67,1,92.0,High Risk,ðŸ“ž Call Immediately
15665077,598,France,Female,43,5,0.0,3,1,1,100722.72,1,82.0,High Risk,ðŸ“ž Call Immediately
15629244,635,Spain,Male,50,7,159453.64,2,0,0,54560.79,1,84.0,High Risk,ðŸ“ž Call Immediately
15574331,593,Germany,Female,62,3,118233.81,1,0,1,24765.53,1,84.0,High Risk,ðŸ“ž Call Immediately
15645572,743,France,Female,40,6,0.0,1,1,0,28280.8,1,82.0,High Risk,ðŸ“ž Call Immediately
15576683,568,Spain,Female,43,9,0.0,1,1,0,125870.79,1,83.0,High Risk,ðŸ“ž Call Immediately
15609824,794,France,Female,41,7,176845.41,3,1,0,166526.26,1,100.0,High Risk,ðŸ“ž Call Immediately
15635435,648,France,Female,54,9,120633.42,1,0,0,5924.38,1,90.0,High Risk,ðŸ“ž Call Immediately
15596552,535,Germany,Male,48,5,134542.73,1,1,1,58203.67,1,82.0,High Risk,ðŸ“ž Call Immediately
15689514,625,France,Male,43,8,201696.07,1,1,0,133020.9,1,90.0,High Risk,ðŸ“ž Call Immediately
15722902,652,Germany,Male,50,8,125437.64,1,1,1,17160.94,1,85.0,High Risk,ðŸ“ž Call Immediately
15771942,528,Germany,Female,46,9,135555.66,1,1,0,133146.03,1,93.0,High Risk,ðŸ“ž Call Immediately
15587233,457,France,Male,41,8,73700.12,3,1,1,185750.02,1,96.0,High Risk,ðŸ“ž Call Immediately
15690647,582,Spain,Female,46,8,67563.31,1,1,0,44506.09,1,81.0,High Risk,ðŸ“ž Call Immediately
15684196,627,France,Female,55,2,159441.27,1,1,0,100686.11,1,97.0,High Risk,ðŸ“ž Call Immediately
15612494,359,France,Female,44,6,128747.69,1,1,0,146955.71,1,90.0,High Risk,ðŸ“ž Call Immediately
15710164,523,France,Female,73,7,0.0,2,0,0,130883.9,1,84.0,High Risk,ðŸ“ž Call Immediately
15799966,792,Germany,Female,59,9,101609.77,1,0,0,161479.19,1,95.0,High Risk,ðŸ“ž Call Immediately
15574068,504,Germany,Male,56,9,104217.3,1,0,0,55857.48,1,93.0,High Risk,ðŸ“ž Call Immediately
15796334,558,Germany,Male,39,10,144757.02,1,1,0,22878.16,1,84.0,High Risk,ðŸ“ž Call Immediately
15598751,556,France,Female,43,6,0.0,3,0,0,125154.57,1,90.0,High Risk,ðŸ“ž Call Immediately
15585367,555,Germany,Female,46,4,120392.99,1,1,0,177719.88,1,95.0,High Risk,ðŸ“ž Call Immediately
15571778,817,France,Female,55,10,117561.49,1,1,0,95941.55,1,90.0,High Risk,ðŸ“ž Call Immediately
15814846,691,France,Male,52,3,0.0,1,1,0,175843.68,1,86.0,High Risk,ðŸ“ž Call Immediately
15670374,819,Germany,Female,49,1,120656.86,4,0,0,166164.3,1,96.0,High Risk,ðŸ“ž Call Immediately
15630725,649,France,Female,45,5,92786.66,1,1,0,173365.9,1,85.0,High Risk,ðŸ“ž Call Immediately
15625824,596,Spain,Male,30,6,121345.88,4,1,0,41921.75,1,85.0,High Risk,ðŸ“ž Call Immediately
15634891,504,Germany,Female,43,7,102365.49,1,1,0,194690.77,1,86.0,High Risk,ðŸ“ž Call Immediately
15744517,735,Spain,Male,50,9,0.0,1,0,0,166677.35,1,97.0,High Risk,ðŸ“ž Call Immediately
15798975,606,Germany,Male,48,4,132403.56,1,0,0,36091.91,1,90.0,High Risk,ðŸ“ž Call Immediately
15786800,723,Germany,Male,52,5,131694.97,1,0,1,92873.5,1,89.0,High Risk,ðŸ“ž Call Immediately
15782736,573,Germany,Female,47,4,152522.47,1,0,1,164038.07,1,90.0,High Risk,ðŸ“ž Call Immediately
15584364,652,France,Male,48,4,59486.31,1,1,0,163944.18,1,82.0,High Risk,ðŸ“ž Call Immediately
15683124,713,France,Male,53,6,115029.4,1,0,0,191521.32,1,88.0,High Risk,ðŸ“ž Call Immediately
15670823,651,Germany,Female,42,1,116646.76,1,1,0,44731.8,1,86.0,High Risk,ðŸ“ž Call Immediately
15751158,571,France,Female,42,4,108825.34,3,1,0,55558.51,1,97.0,High Risk,ðŸ“ž Call Immediately
15781553,760,Germany,Female,49,9,91502.99,1,1,0,117232.9,1,91.0,High Risk,ðŸ“ž Call Immediately
15649121,665,France,Male,52,3,0.0,1,1,0,116137.01,1,97.0,High Risk,ðŸ“ž Call Immediately
15595303,736,Germany,Male,46,5,130812.91,1,1,1,77981.54,1,83.0,High Risk,ðŸ“ž Call Immediately
15685372,350,Spain,Male,54,1,152677.48,1,1,1,191973.49,1,87.0,High Risk,ðŸ“ž Call Immediately
15651533,570,Germany,Female,50,5,129293.74,1,1,0,177805.44,1,96.0,High Risk,ðŸ“ž Call Immediately
15633233,500,France,Male,56,1,100374.58,1,1,0,118490.8,1,97.0,High Risk,ðŸ“ž Call Immediately
15752342,704,Germany,Female,54,6,133656.91,3,1,0,145071.33,1,98.0,High Risk,ðŸ“ž Call Immediately
15658057,812,Spain,Female,44,8,0.0,3,1,0,66926.83,1,88.0,High Risk,ðŸ“ž Call Immediately
15605279,792,France,Male,50,9,0.0,4,1,1,194700.81,1,82.0,High Risk,ðŸ“ž Call Immediately
15578603,584,Germany,Female,54,1,77354.37,1,0,0,138192.98,1,92.0,High Risk,ðŸ“ž Call Immediately
15765694,584,Spain,Female,59,1,0.0,1,0,1,130260.11,1,83.0,High Risk,ðŸ“ž Call Immediately
15778410,533,Spain,Female,52,7,0.0,1,0,1,194113.99,1,81.0,High Risk,ðŸ“ž Call Immediately
15610446,714,France,Female,51,4,88308.87,3,0,0,5862.53,1,90.0,High Risk,ðŸ“ž Call Immediately
15605037,818,France,Female,49,2,0.0,1,0,1,192298.84,1,87.0,High Risk,ðŸ“ž Call Immediately
15711219,788,Germany,Female,57,8,93716.72,1,1,1,180150.49,1,91.0,High Risk,ðŸ“ž Call Immediately
15678727,770,Germany,Male,45,4,110765.68,1,1,0,26163.74,1,97.0,High Risk,ðŸ“ž Call Immediately
15605275,725,Germany,Male,45,8,116917.07,1,0,0,173464.43,1,84.0,High Risk,ðŸ“ž Call Immediately
15619343,561,France,Male,56,7,152759.0,2,1,0,133167.11,1,91.0,High Risk,ðŸ“ž Call Immediately
15758813,350,Germany,Male,39,0,109733.2,2,0,0,123602.11,1,81.0,High Risk,ðŸ“ž Call Immediately
15664754,640,Germany,Male,39,9,131607.28,4,0,1,6981.43,1,94.0,High Risk,ðŸ“ž Call Immediately
15643630,770,Spain,Male,55,9,63127.41,2,1,0,185211.28,1,83.0,High Risk,ðŸ“ž Call Immediately
15812198,543,Germany,Male,48,1,100900.5,1,0,0,33310.72,1,89.0,High Risk,ðŸ“ž Call Immediately
15805637,625,France,Male,36,9,108546.16,3,1,0,133807.77,1,96.0,High Risk,ðŸ“ž Call Immediately
15716609,484,Germany,Male,54,3,134388.11,1,0,0,49954.79,1,96.0,High Risk,ðŸ“ž Call Immediately
15589793,604,France,Male,53,8,144453.75,1,1,0,190998.96,1,87.0,High Risk,ðŸ“ž Call Immediately
15779176,565,Germany,Female,58,3,108888.24,3,0,1,135875.51,1,91.0,High Risk,ðŸ“ž Call Immediately
15692416,358,Spain,Female,52,8,143542.36,3,1,0,141959.11,1,98.0,High Risk,ðŸ“ž Call Immediately
15585901,717,Spain,Male,35,1,0.0,3,0,0,174770.14,1,92.0,High Risk,ðŸ“ž Call Immediately
15657107,563,Spain,Female,46,8,106171.68,1,1,0,163145.5,1,80.0,High Risk,ðŸ“ž Call Immediately
15787189,824,Germany,Male,60,8,134250.17,3,0,0,153046.16,1,97.0,High Risk,ðŸ“ž Call Immediately
15666055,705,France,Female,49,7,0.0,1,1,0,63405.2,1,99.0,High Risk,ðŸ“ž Call Immediately
15755678,534,France,Male,62,2,0.0,2,0,0,42763.12,1,87.0,High Risk,ðŸ“ž Call Immediately
15727384,705,Germany,Female,43,10,146547.78,1,0,1,10072.55,1,86.0,High Risk,ðŸ“ž Call Immediately
15732917,729,Germany,Male,46,5,117837.43,1,1,0,104016.61,1,89.0,High Risk,ðŸ“ž Call Immediately
15633043,545,Spain,Female,39,6,0.0,1,0,0,38410.74,1,83.0,High Risk,ðŸ“ž Call Immediately
15606613,655,France,Female,59,7,0.0,1,1,0,88958.49,1,98.0,High Risk,ðŸ“ž Call Immediately
15658716,667,Germany,Female,37,5,92171.35,3,1,0,178106.34,1,88.0,High Risk,ðŸ“ž Call Immediately
15797160,492,France,Female,49,8,0.0,1,1,1,182865.09,1,88.0,High Risk,ðŸ“ž Call Immediately
15610686,850,France,Male,63,8,169832.57,1,0,0,184107.26,1,88.0,High Risk,ðŸ“ž Call Immediately
15629338,658,Spain,Female,31,2,36566.96,1,1,0,103644.98,1,80.0,High Risk,ðŸ“ž Call Immediately
15750684,719,France,Female,42,4,0.0,1,1,0,28465.86,1,88.0,High Risk,ðŸ“ž Call Immediately
15813412,721,France,Female,55,3,44020.89,1,1,0,65864.4,1,96.0,High Risk,ðŸ“ž Call Immediately
15687658,716,France,Female,52,7,65971.61,2,1,0,14608.0,1,83.0,High Risk,ðŸ“ž Call Immediately
15659931,637,Germany,Female,55,1,123378.2,1,1,0,81431.99,1,99.0,High Risk,ðŸ“ž Call Immediately
15795990,722,Germany,Female,48,10,138311.76,1,1,1,3472.63,1,85.0,High Risk,ðŸ“ž Call Immediately
15718893,404,Germany,Female,54,4,125456.07,1,1,0,83715.66,1,95.0,High Risk,ðŸ“ž Call Immediately
15651554,618,Germany,Female,54,4,118449.21,1,1,1,133573.29,1,88.0,High Risk,ðŸ“ž Call Immediately
15603851,704,France,Male,32,7,127785.17,4,0,0,184464.7,1,95.0,High Risk,ðŸ“ž Call Immediately
15765518,643,France,Female,51,2,105229.53,1,1,0,34967.75,1,86.0,High Risk,ðŸ“ž Call Immediately
15648794,836,Spain,Male,57,4,101247.06,1,1,0,37141.62,1,86.0,High Risk,ðŸ“ž Call Immediately
15588614,753,France,Male,57,7,0.0,1,1,0,159475.08,1,98.0,High Risk,ðŸ“ž Call Immediately
15721426,606,Germany,Male,65,10,126306.64,3,0,0,7861.68,1,95.0,High Risk,ðŸ“ž Call Immediately
15805260,705,Germany,Female,56,2,143249.67,1,1,0,88428.41,1,88.0,High Risk,ðŸ“ž Call Immediately
15609998,700,Germany,Female,59,5,137648.41,1,1,0,142977.05,1,94.0,High Risk,ðŸ“ž Call Immediately
15791700,773,Germany,Male,47,2,118079.47,4,1,1,143007.49,1,99.0,High Risk,ðŸ“ž Call Immediately
15803749,498,Germany,Female,41,4,87541.06,2,1,1,12577.21,1,82.0,High Risk,ðŸ“ž Call Immediately
15806049,714,Germany,Female,49,5,140510.89,1,1,0,141914.94,1,85.0,High Risk,ðŸ“ž Call Immediately
15633930,648,Spain,Female,56,6,157559.59,2,1,0,140991.23,1,97.0,High Risk,ðŸ“ž Call Immediately
15712849,632,Germany,Male,41,3,126550.7,1,0,0,177644.52,1,85.0,High Risk,ðŸ“ž Call Immediately
15639077,622,France,Female,30,2,158584.82,3,1,0,142342.55,1,95.0,High Risk,ðŸ“ž Call Immediately
15578799,625,France,Female,58,10,53772.73,1,1,1,192072.1,1,83.0,High Risk,ðŸ“ž Call Immediately
15586264,572,France,Male,43,2,140431.98,1,1,0,26450.57,1,86.0,High Risk,ðŸ“ž Call Immediately
15777553,659,France,Female,56,9,123785.24,1,1,0,99504.03,1,92.0,High Risk,ðŸ“ž Call Immediately
15570835,491,Germany,Female,57,4,112044.72,1,1,1,41229.73,1,88.0,High Risk,ðŸ“ž Call Immediately
15808044,580,France,Female,65,9,106804.26,3,1,0,107890.69,1,97.0,High Risk,ðŸ“ž Call Immediately
15783615,630,Germany,Male,50,3,129370.91,4,1,1,47775.34,1,97.0,High Risk,ðŸ“ž Call Immediately
15801265,689,Spain,Female,45,0,57784.22,1,1,0,197804.0,1,87.0,High Risk,ðŸ“ž Call Immediately
15582714,749,Germany,Male,47,9,110022.74,1,0,1,135655.29,1,80.0,High Risk,ðŸ“ž Call Immediately
15621210,599,Germany,Male,46,9,123444.72,1,1,1,31368.08,1,86.0,High Risk,ðŸ“ž Call Immediately
15724223,545,France,Female,55,5,0.0,1,0,0,10034.77,1,83.0,High Risk,ðŸ“ž Call Immediately
15595728,523,Germany,Male,41,0,119276.31,1,0,0,122284.38,1,89.0,High Risk,ðŸ“ž Call Immediately
15642345,714,Germany,Female,49,4,93059.34,1,1,0,7571.51,1,89.0,High Risk,ðŸ“ž Call Immediately
15746708,589,Germany,Male,55,7,119961.48,1,1,0,65156.83,1,98.0,High Risk,ðŸ“ž Call Immediately
15787907,719,Germany,Female,42,5,137227.04,3,1,0,149097.38,1,98.0,High Risk,ðŸ“ž Call Immediately
15678284,651,France,Male,35,7,74623.5,3,1,0,129451.29,1,91.0,High Risk,ðŸ“ž Call Immediately
15791053,709,Germany,Male,45,4,122917.71,1,1,1,11.58,1,88.0,High Risk,ðŸ“ž Call Immediately
15708212,648,Spain,Female,54,7,118241.02,1,1,0,172586.89,1,91.0,High Risk,ðŸ“ž Call Immediately
15672374,672,France,Male,52,8,170008.84,1,0,0,56407.42,1,81.0,High Risk,ðŸ“ž Call Immediately
15579130,708,Germany,Female,43,0,118994.84,1,1,0,181499.77,1,82.0,High Risk,ðŸ“ž Call Immediately
15806027,556,France,Female,52,9,0.0,1,1,0,175149.2,1,90.0,High Risk,ðŸ“ž Call Immediately
15661821,798,Germany,Female,49,5,132571.67,1,1,1,31686.33,1,82.0,High Risk,ðŸ“ž Call Immediately
15782247,540,France,Male,22,4,0.0,3,1,1,186233.26,1,80.0,High Risk,ðŸ“ž Call Immediately
15613189,774,France,Female,52,2,56580.93,1,1,0,113266.28,1,95.0,High Risk,ðŸ“ž Call Immediately
15567980,537,Germany,Female,46,5,100727.5,1,0,1,140857.76,1,88.0,High Risk,ðŸ“ž Call Immediately
15636089,678,Germany,Female,51,1,145751.03,1,0,0,109718.44,1,93.0,High Risk,ðŸ“ž Call Immediately
15727490,661,France,Male,47,5,0.0,1,0,1,107243.31,1,80.0,High Risk,ðŸ“ž Call Immediately
15756920,576,France,Male,63,9,70655.48,1,0,0,78955.8,1,93.0,High Risk,ðŸ“ž Call Immediately
15726403,660,Germany,Male,41,1,129901.21,1,1,0,26025.6,1,85.0,High Risk,ðŸ“ž Call Immediately
15704442,672,France,Female,53,9,169406.33,4,1,1,147311.47,1,96.0,High Risk,ðŸ“ž Call Immediately
15679249,351,Germany,Female,57,4,163146.46,1,1,0,169621.69,1,89.0,High Risk,ðŸ“ž Call Immediately
15666548,466,Germany,Female,56,2,111920.13,3,1,0,197634.11,1,95.0,High Risk,ðŸ“ž Call Immediately
15634974,614,France,Female,37,8,75150.34,4,0,1,131766.67,1,93.0,High Risk,ðŸ“ž Call Immediately
15689341,655,France,Female,50,10,0.0,4,1,0,179267.94,1,96.0,High Risk,ðŸ“ž Call Immediately
15759436,758,France,Female,50,2,95813.76,3,1,1,67944.09,1,90.0,High Risk,ðŸ“ž Call Immediately
15751561,498,Germany,Male,61,7,102453.26,1,1,0,187247.56,1,98.0,High Risk,ðŸ“ž Call Immediately
15679770,611,France,Female,61,3,131583.59,4,0,1,66238.23,1,88.0,High Risk,ðŸ“ž Call Immediately
15791102,549,Germany,Male,41,9,95020.8,3,1,1,131710.59,1,94.0,High Risk,ðŸ“ž Call Immediately
15755178,660,France,Male,50,1,0.0,3,1,1,191849.15,1,91.0,High Risk,ðŸ“ž Call Immediately
15592736,551,Germany,Male,54,5,102994.04,1,1,0,176680.16,1,99.0,High Risk,ðŸ“ž Call Immediately
15597896,365,Germany,Male,30,0,127760.07,1,1,0,81537.85,1,80.0,High Risk,ðŸ“ž Call Immediately
15640846,546,Germany,Female,58,3,106458.31,4,1,0,128881.87,1,97.0,High Risk,ðŸ“ž Call Immediately
15602735,692,Germany,Male,45,6,152296.83,4,0,1,108040.86,1,96.0,High Risk,ðŸ“ž Call Immediately
15800062,850,Spain,Male,49,8,0.0,1,0,0,25867.67,1,85.0,High Risk,ðŸ“ž Call Immediately
15775891,634,Germany,Male,48,2,107247.69,1,1,1,103712.05,1,90.0,High Risk,ðŸ“ž Call Immediately
15711789,768,Spain,Female,42,3,0.0,1,0,0,161242.99,1,83.0,High Risk,ðŸ“ž Call Immediately
15687162,461,France,Male,51,9,119889.84,1,0,0,56767.67,1,87.0,High Risk,ðŸ“ž Call Immediately
15679410,729,France,Female,62,4,140549.4,1,1,0,30990.16,1,96.0,High Risk,ðŸ“ž Call Immediately
15582325,524,France,Male,52,2,87894.26,1,1,0,173899.42,1,90.0,High Risk,ðŸ“ž Call Immediately
15641994,667,Germany,Male,43,1,103018.45,1,1,0,32462.39,1,91.0,High Risk,ðŸ“ž Call Immediately
15639946,597,Germany,Female,39,8,162532.14,3,1,0,36051.46,1,98.0,High Risk,ðŸ“ž Call Immediately
15729954,586,France,Female,28,5,0.0,3,1,0,170487.4,1,85.0,High Risk,ðŸ“ž Call Immediately
15627352,459,Germany,Male,46,7,110356.42,1,1,0,4969.13,1,84.0,High Risk,ðŸ“ž Call Immediately
15806688,726,Spain,Female,56,8,123110.9,3,0,1,130113.78,1,94.0,High Risk,ðŸ“ž Call Immediately
15576824,564,Germany,Female,44,3,111760.4,3,1,1,104722.47,1,94.0,High Risk,ðŸ“ž Call Immediately
15592816,623,Germany,Female,48,1,108076.33,1,1,0,118855.26,1,98.0,High Risk,ðŸ“ž Call Immediately
15662098,650,Spain,Male,41,3,128808.65,3,0,0,113677.53,1,84.0,High Risk,ðŸ“ž Call Immediately
15753332,401,Germany,Male,48,8,128140.17,1,1,0,175753.55,1,93.0,High Risk,ðŸ“ž Call Immediately
15767474,481,France,Female,57,9,0.0,3,1,1,169719.35,1,95.0,High Risk,ðŸ“ž Call Immediately
15626787,698,Spain,Female,31,8,185078.26,1,0,0,115337.74,1,80.0,High Risk,ðŸ“ž Call Immediately
15730433,580,Germany,Female,38,1,128218.47,1,1,0,125953.83,1,89.0,High Risk,ðŸ“ž Call Immediately
15776233,758,Germany,Female,61,8,125397.21,1,1,0,182184.09,1,94.0,High Risk,ðŸ“ž Call Immediately
15700487,805,France,Male,46,6,118022.06,3,1,0,162643.15,1,97.0,High Risk,ðŸ“ž Call Immediately
15747503,705,Spain,Male,44,0,184552.12,1,1,0,68860.3,1,82.0,High Risk,ðŸ“ž Call Immediately
15618936,688,France,Female,51,5,0.0,1,1,0,91624.11,1,94.0,High Risk,ðŸ“ž Call Immediately
15787529,592,Spain,Male,38,0,0.0,1,1,0,65986.48,1,80.0,High Risk,ðŸ“ž Call Immediately
15600934,758,France,Female,52,7,125095.94,1,1,0,171189.83,1,93.0,High Risk,ðŸ“ž Call Immediately
15812513,599,Germany,Male,45,10,103583.05,1,1,0,132127.69,1,84.0,High Risk,ðŸ“ž Call Immediately
15671591,439,Spain,Male,52,3,96196.24,4,1,0,198874.52,1,94.0,High Risk,ðŸ“ž Call Immediately
15669411,750,Germany,Female,52,6,107467.56,1,1,0,126233.18,1,95.0,High Risk,ðŸ“ž Call Immediately
15646859,621,Germany,Male,47,7,107363.29,1,1,1,66799.28,1,82.0,High Risk,ðŸ“ž Call Immediately
15624510,696,France,Male,52,6,139781.06,1,1,0,27445.4,1,82.0,High Risk,ðŸ“ž Call Immediately
15668575,626,Spain,Female,26,8,148610.41,3,0,1,104502.02,1,83.0,High Risk,ðŸ“ž Call Immediately
15704987,649,France,Female,52,8,49113.75,1,1,0,41858.43,1,85.0,High Risk,ðŸ“ž Call Immediately
15628972,699,Germany,Male,32,1,123906.22,3,1,1,127443.82,1,86.0,High Risk,ðŸ“ž Call Immediately
15617482,489,Germany,Female,52,1,131441.51,1,1,0,37240.11,1,96.0,High Risk,ðŸ“ž Call Immediately
15704583,651,France,Male,56,2,0.0,1,1,0,114522.68,1,97.0,High Risk,ðŸ“ž Call Immediately
15649487,578,Germany,Female,38,4,113150.44,2,1,0,176712.59,1,83.0,High Risk,ðŸ“ž Call Immediately
15581198,668,Germany,Female,39,0,122104.79,1,1,0,112946.67,1,85.0,High Risk,ðŸ“ž Call Immediately
15724858,688,France,Female,54,9,0.0,1,1,0,191212.63,1,90.0,High Risk,ðŸ“ž Call Immediately
15776348,835,Germany,Male,20,4,124365.42,1,0,0,180197.74,1,80.0,High Risk,ðŸ“ž Call Immediately
15605000,550,France,Male,38,9,140278.99,3,1,1,171457.06,1,98.0,High Risk,ðŸ“ž Call Immediately
15577178,511,France,Male,45,5,68375.27,1,1,0,193160.25,1,88.0,High Risk,ðŸ“ž Call Immediately
15595324,579,Germany,Female,39,5,117833.3,3,0,0,5831.0,1,90.0,High Risk,ðŸ“ž Call Immediately
15655123,505,Spain,Female,45,9,131355.3,3,1,0,195395.33,1,91.0,High Risk,ðŸ“ž Call Immediately
15684801,689,France,Male,47,1,93871.95,3,1,0,156878.42,1,97.0,High Risk,ðŸ“ž Call Immediately
15619653,666,France,Male,47,2,0.0,1,1,0,35046.97,1,89.0,High Risk,ðŸ“ž Call Immediately
15800061,495,Spain,Female,45,3,89158.94,3,1,0,135169.76,1,98.0,High Risk,ðŸ“ž Call Immediately
15609653,614,Germany,Female,44,6,118715.86,1,1,0,133591.11,1,84.0,High Risk,ðŸ“ž Call Immediately
15571059,734,France,Female,54,3,0.0,1,1,0,130805.54,1,99.0,High Risk,ðŸ“ž Call Immediately
15745083,613,Germany,Male,59,8,91415.76,1,0,0,27965.0,1,91.0,High Risk,ðŸ“ž Call Immediately
15735878,850,Germany,Female,47,10,134381.52,1,0,0,26812.89,1,88.0,High Risk,ðŸ“ž Call Immediately
15622478,698,France,Female,40,7,105061.74,3,1,0,107815.31,1,99.0,High Risk,ðŸ“ž Call Immediately
15663161,680,Germany,Female,51,5,143139.87,1,0,0,47795.43,1,92.0,High Risk,ðŸ“ž Call Immediately
15795224,760,France,Male,39,6,178585.46,1,1,0,67131.3,1,85.0,High Risk,ðŸ“ž Call Immediately
15813113,795,Spain,Female,56,5,0.0,1,1,0,35418.69,1,89.0,High Risk,ðŸ“ž Call Immediately
15772073,664,France,Male,48,10,0.0,1,1,0,140173.17,1,84.0,High Risk,ðŸ“ž Call Immediately
15775590,482,Germany,Female,48,2,69329.47,1,0,0,102640.52,1,83.0,High Risk,ðŸ“ž Call Immediately
15724161,644,France,Female,40,9,137285.26,4,1,0,77063.63,1,95.0,High Risk,ðŸ“ž Call Immediately
15569641,692,Germany,Female,41,8,130701.29,1,1,0,59354.24,1,81.0,High Risk,ðŸ“ž Call Immediately
15746203,555,Germany,Male,62,4,119817.33,1,0,1,43507.1,1,90.0,High Risk,ðŸ“ž Call Immediately
15680752,675,France,Female,49,0,0.0,1,1,1,80496.71,1,87.0,High Risk,ðŸ“ž Call Immediately
15589449,815,France,Female,56,3,0.0,3,1,1,94248.16,1,94.0,High Risk,ðŸ“ž Call Immediately
15764604,586,France,Female,35,7,164769.02,3,1,0,119814.25,1,95.0,High Risk,ðŸ“ž Call Immediately
15750447,678,France,Female,60,10,117738.81,1,1,0,147489.76,1,97.0,High Risk,ðŸ“ž Call Immediately
15725794,659,France,Female,49,1,0.0,1,1,0,116249.72,1,92.0,High Risk,ðŸ“ž Call Immediately
15603942,547,Germany,Male,50,3,81290.02,3,0,1,177747.03,1,95.0,High Risk,ðŸ“ž Call Immediately
15596761,515,Germany,Male,60,9,113715.36,1,1,0,18424.24,1,96.0,High Risk,ðŸ“ž Call Immediately
15589715,584,France,Female,66,5,0.0,1,1,0,49553.38,1,82.0,High Risk,ðŸ“ž Call Immediately
15588080,675,France,Male,54,6,0.0,1,1,0,110273.84,1,96.0,High Risk,ðŸ“ž Call Immediately
15717560,580,France,Male,50,0,125647.36,1,1,0,57541.08,1,91.0,High Risk,ðŸ“ž Call Immediately
15768151,514,Germany,Female,45,3,109032.23,1,0,1,155407.21,1,92.0,High Risk,ðŸ“ž Call Immediately
15579212,638,France,Male,57,6,0.0,1,1,0,33676.48,1,99.0,High Risk,ðŸ“ž Call Immediately
15750335,850,Germany,Male,43,0,108508.82,3,1,0,184044.8,1,90.0,High Risk,ðŸ“ž Call Immediately
15778368,552,Germany,Male,50,4,121175.56,1,1,0,117505.07,1,96.0,High Risk,ðŸ“ž Call Immediately
15611430,690,France,Male,54,5,0.0,1,1,0,12847.61,1,98.0,High Risk,ðŸ“ž Call Immediately
15715622,583,France,Female,57,3,238387.56,1,0,1,147964.99,1,85.0,High Risk,ðŸ“ž Call Immediately
15627220,735,Germany,Female,43,9,98807.45,1,0,0,184570.04,1,87.0,High Risk,ðŸ“ž Call Immediately
15706071,528,Germany,Male,39,0,127631.62,1,0,1,22197.8,1,84.0,High Risk,ðŸ“ž Call Immediately
15758116,666,France,Male,53,5,64646.7,1,1,0,128019.48,1,89.0,High Risk,ðŸ“ž Call Immediately
15799626,637,Germany,Male,50,4,126345.55,1,0,1,17323.0,1,91.0,High Risk,ðŸ“ž Call Immediately
15647385,579,Spain,Male,56,4,99340.83,1,0,0,4523.74,1,92.0,High Risk,ðŸ“ž Call Immediately
15764431,671,Spain,Female,34,5,130929.02,4,1,1,28238.25,1,89.0,High Risk,ðŸ“ž Call Immediately
15749905,698,Spain,Female,47,6,0.0,1,1,0,50213.81,1,96.0,High Risk,ðŸ“ž Call Immediately
15625175,742,Germany,Female,43,6,97067.69,1,0,1,60920.03,1,88.0,High Risk,ðŸ“ž Call Immediately
15733234,777,France,Female,58,4,0.0,1,1,1,62449.07,1,88.0,High Risk,ðŸ“ž Call Immediately
15628219,665,Germany,Female,37,3,111911.63,1,1,1,110359.68,1,80.0,High Risk,ðŸ“ž Call Immediately
15724863,420,Spain,Female,55,4,91893.32,1,1,0,144870.28,1,90.0,High Risk,ðŸ“ž Call Immediately
15593736,598,Germany,Female,46,7,131769.04,1,0,0,184980.23,1,91.0,High Risk,ðŸ“ž Call Immediately
15791216,600,Germany,Male,43,8,133379.41,1,1,0,177378.66,1,90.0,High Risk,ðŸ“ž Call Immediately
15588944,456,France,Female,63,1,165350.61,2,0,0,140758.07,1,92.0,High Risk,ðŸ“ž Call Immediately
15660505,735,Germany,Male,46,2,106344.95,1,1,0,114371.33,1,95.0,High Risk,ðŸ“ž Call Immediately
15594878,661,Spain,Female,41,5,28082.95,1,1,0,69586.27,1,87.0,High Risk,ðŸ“ž Call Immediately
15623712,453,Spain,Female,42,5,0.0,3,1,0,83008.49,1,85.0,High Risk,ðŸ“ž Call Immediately
15653251,408,France,Female,84,8,87873.39,1,0,0,188484.52,1,82.0,High Risk,ðŸ“ž Call Immediately
15761023,554,Germany,Female,43,2,120847.11,1,1,0,7611.61,1,83.0,High Risk,ðŸ“ž Call Immediately
15647725,675,France,Female,61,5,62055.17,3,1,0,166305.16,1,92.0,High Risk,ðŸ“ž Call Immediately
15651823,590,France,Female,60,6,147751.75,1,1,0,88206.04,1,99.0,High Risk,ðŸ“ž Call Immediately
15727353,650,France,Female,64,7,142028.36,1,1,0,32275.09,1,96.0,High Risk,ðŸ“ž Call Immediately
15803121,847,France,Male,51,5,97565.74,1,0,0,144184.06,1,86.0,High Risk,ðŸ“ž Call Immediately
15761670,695,France,Female,50,8,0.0,1,1,0,126381.6,1,94.0,High Risk,ðŸ“ž Call Immediately
15706005,674,France,Male,46,2,174701.05,1,1,0,90189.72,1,86.0,High Risk,ðŸ“ž Call Immediately
15711618,704,Germany,Female,39,1,124640.51,1,1,0,116511.12,1,88.0,High Risk,ðŸ“ž Call Immediately
15573599,506,France,Female,57,6,0.0,2,0,1,194421.12,1,80.0,High Risk,ðŸ“ž Call Immediately
15711716,580,France,Female,56,1,131368.3,1,1,0,106918.67,1,93.0,High Risk,ðŸ“ž Call Immediately
15639357,415,France,Male,46,9,134950.19,3,0,0,178587.36,1,96.0,High Risk,ðŸ“ž Call Immediately
15738907,798,France,Female,60,6,96956.1,1,1,0,31907.44,1,96.0,High Risk,ðŸ“ž Call Immediately
15663446,792,Germany,Female,29,4,107601.79,1,1,0,18922.18,1,87.0,High Risk,ðŸ“ž Call Immediately
15750867,489,Germany,Female,46,8,92060.06,1,1,0,147222.95,1,95.0,High Risk,ðŸ“ž Call Immediately
15809320,845,Spain,Female,52,0,0.0,1,1,0,31726.76,1,88.0,High Risk,ðŸ“ž Call Immediately
15793049,680,Germany,Female,48,8,115115.38,1,1,0,139558.6,1,86.0,High Risk,ðŸ“ž Call Immediately
15607263,788,France,Male,55,3,0.0,1,0,1,13288.46,1,87.0,High Risk,ðŸ“ž Call Immediately
15610900,770,France,Female,70,9,110738.89,1,1,0,22666.77,1,87.0,High Risk,ðŸ“ž Call Immediately
15586133,666,Germany,Female,44,2,122314.5,1,0,0,68574.88,1,94.0,High Risk,ðŸ“ž Call Immediately
15727197,576,France,Female,52,9,170228.59,2,0,0,148477.57,1,86.0,High Risk,ðŸ“ž Call Immediately
15722246,742,France,Female,60,4,0.0,1,1,1,13161.66,1,84.0,High Risk,ðŸ“ž Call Immediately
15768451,739,Germany,Male,40,5,149131.03,3,1,1,60036.99,1,97.0,High Risk,ðŸ“ž Call Immediately
15812616,707,France,Female,49,10,0.0,1,1,0,82967.97,1,89.0,High Risk,ðŸ“ž Call Immediately
15577999,850,France,Female,62,1,124678.35,1,1,0,70916.0,1,93.0,High Risk,ðŸ“ž Call Immediately
15703541,772,Germany,Female,51,9,143930.92,1,0,1,46675.51,1,92.0,High Risk,ðŸ“ž Call Immediately
15608344,749,Germany,Female,29,7,137059.05,3,1,0,102975.72,1,95.0,High Risk,ðŸ“ž Call Immediately
15568573,554,Germany,Female,51,7,105701.91,1,0,1,179797.79,1,89.0,High Risk,ðŸ“ž Call Immediately
15691785,850,France,Male,61,1,0.0,1,1,0,53067.83,1,90.0,High Risk,ðŸ“ž Call Immediately
15756751,596,Spain,Female,54,0,78126.28,1,1,1,153482.91,1,83.0,High Risk,ðŸ“ž Call Immediately
15584037,727,Germany,Male,58,5,106913.43,1,1,0,25881.0,1,94.0,High Risk,ðŸ“ž Call Immediately
15669887,839,France,Female,51,3,0.0,1,1,1,69101.23,1,88.0,High Risk,ðŸ“ž Call Immediately
15651264,850,Germany,Male,51,4,124425.99,1,0,0,118545.49,1,94.0,High Risk,ðŸ“ž Call Immediately
15718289,553,Germany,Male,46,3,82291.1,1,1,0,112549.99,1,83.0,High Risk,ðŸ“ž Call Immediately
15654733,794,Germany,Male,57,3,117056.46,1,1,0,93336.93,1,96.0,High Risk,ðŸ“ž Call Immediately
15602797,645,Spain,Female,49,5,110132.55,3,0,1,187689.91,1,98.0,High Risk,ðŸ“ž Call Immediately
15778154,628,Germany,Male,50,4,122227.71,1,0,1,14217.77,1,92.0,High Risk,ðŸ“ž Call Immediately
15750778,653,France,Female,60,2,120731.39,4,1,1,138160.11,1,97.0,High Risk,ðŸ“ž Call Immediately
15677804,783,Spain,Male,38,1,0.0,3,1,1,80178.54,1,82.0,High Risk,ðŸ“ž Call Immediately
15618255,642,Germany,Female,56,6,103244.86,2,1,0,143049.72,1,83.0,High Risk,ðŸ“ž Call Immediately
15750156,662,Germany,Male,59,2,104568.41,1,1,0,8059.44,1,96.0,High Risk,ðŸ“ž Call Immediately
15732266,553,Germany,Male,53,5,127997.83,1,1,0,165378.66,1,96.0,High Risk,ðŸ“ž Call Immediately
15743871,567,France,Male,59,3,0.0,2,1,0,25843.7,1,80.0,High Risk,ðŸ“ž Call Immediately
15626008,622,Germany,Female,52,9,111973.97,1,1,1,162756.29,1,94.0,High Risk,ðŸ“ž Call Immediately
15659736,716,Germany,Male,66,5,121411.9,1,0,0,10070.4,1,83.0,High Risk,ðŸ“ž Call Immediately
15663164,663,Germany,Male,49,7,116150.65,3,1,1,84358.71,1,100.0,High Risk,ðŸ“ž Call Immediately
15720071,535,France,Female,49,3,0.0,1,0,0,61820.41,1,80.0,High Risk,ðŸ“ž Call Immediately
15814092,626,France,Female,44,2,0.0,1,0,1,173117.22,1,88.0,High Risk,ðŸ“ž Call Immediately
15792064,545,Germany,Male,53,5,114421.55,1,1,0,180598.28,1,98.0,High Risk,ðŸ“ž Call Immediately
15653776,720,Germany,Female,57,1,162082.31,4,0,0,27145.73,1,99.0,High Risk,ðŸ“ž Call Immediately
15597914,641,Germany,Female,51,2,117306.69,4,1,1,26912.72,1,96.0,High Risk,ðŸ“ž Call Immediately
15678034,811,France,Male,46,9,180226.24,1,1,0,13464.64,1,81.0,High Risk,ðŸ“ž Call Immediately
15697100,772,Germany,Female,48,6,108736.52,1,1,0,184564.67,1,96.0,High Risk,ðŸ“ž Call Immediately
15606641,762,Germany,Male,56,10,100260.88,3,1,1,77142.42,1,89.0,High Risk,ðŸ“ž Call Immediately
15569079,632,Germany,Male,48,6,126066.26,1,1,0,64345.61,1,90.0,High Risk,ðŸ“ž Call Immediately
15807563,841,France,Female,52,5,0.0,1,0,0,183239.71,1,94.0,High Risk,ðŸ“ž Call Immediately
15734762,602,France,Female,56,3,115895.22,3,1,0,4176.17,1,100.0,High Risk,ðŸ“ž Call Immediately
15689886,626,Germany,Male,39,10,132287.92,3,1,1,51467.92,1,97.0,High Risk,ðŸ“ž Call Immediately
15676404,672,France,Female,50,1,0.0,1,1,0,12106.82,1,87.0,High Risk,ðŸ“ž Call Immediately
15798470,764,Spain,Female,48,1,75990.97,1,1,0,158323.81,1,91.0,High Risk,ðŸ“ž Call Immediately
15676571,850,France,Male,55,6,0.0,1,1,0,944.41,1,90.0,High Risk,ðŸ“ž Call Immediately
15647008,624,Germany,Male,54,3,116726.22,1,1,0,110498.1,1,99.0,High Risk,ðŸ“ž Call Immediately
15625545,712,Spain,Male,52,9,0.0,1,1,1,117977.45,1,80.0,High Risk,ðŸ“ž Call Immediately
15810829,618,France,Male,48,7,0.0,1,1,0,13921.82,1,80.0,High Risk,ðŸ“ž Call Immediately
15757952,651,France,Male,44,2,0.0,3,1,0,102530.35,1,81.0,High Risk,ðŸ“ž Call Immediately
15698732,789,Germany,Male,51,3,104677.09,1,1,0,74265.38,1,87.0,High Risk,ðŸ“ž Call Immediately
15609623,637,France,Female,63,5,0.0,1,1,0,28092.77,1,95.0,High Risk,ðŸ“ž Call Immediately
15664001,695,Germany,Female,53,8,95231.91,1,0,0,70140.8,1,84.0,High Risk,ðŸ“ž Call Immediately
15654562,850,Spain,Female,45,5,174088.3,4,1,0,5669.31,1,94.0,High Risk,ðŸ“ž Call Immediately
15577587,550,Germany,Male,52,5,121016.23,1,1,1,41730.37,1,87.0,High Risk,ðŸ“ž Call Immediately
15635141,598,Germany,Male,59,8,118210.42,2,0,0,60192.14,1,93.0,High Risk,ðŸ“ž Call Immediately
15747168,626,Germany,Female,47,2,103108.8,1,0,1,166475.44,1,91.0,High Risk,ðŸ“ž Call Immediately
15796910,625,Spain,Female,57,7,0.0,1,0,0,84106.17,1,99.0,High Risk,ðŸ“ž Call Immediately
15707674,515,France,Female,58,2,131852.81,1,1,0,81436.68,1,93.0,High Risk,ðŸ“ž Call Immediately
15720929,604,France,Female,47,8,62094.71,3,0,0,9308.1,1,95.0,High Risk,ðŸ“ž Call Immediately
15729201,682,France,Male,55,9,0.0,1,1,0,153356.8,1,95.0,High Risk,ðŸ“ž Call Immediately
15711314,589,Spain,Female,45,1,0.0,1,0,0,125939.22,1,83.0,High Risk,ðŸ“ž Call Immediately
15627847,850,France,Male,40,6,0.0,1,1,0,136985.08,1,81.0,High Risk,ðŸ“ž Call Immediately
15588090,726,Germany,Female,51,8,107494.86,2,1,0,140937.91,1,84.0,High Risk,ðŸ“ž Call Immediately
15735270,767,Spain,Male,47,2,0.0,1,1,0,48161.18,1,89.0,High Risk,ðŸ“ž Call Immediately
15746553,526,Germany,Male,50,5,124233.24,1,0,1,159456.87,1,83.0,High Risk,ðŸ“ž Call Immediately
15664555,587,France,Male,40,2,0.0,4,0,1,106174.7,1,83.0,High Risk,ðŸ“ž Call Immediately
15761294,667,Germany,Female,56,8,137464.04,1,1,0,130846.79,1,98.0,High Risk,ðŸ“ž Call Immediately
15709941,753,France,Male,46,8,0.0,3,1,0,90747.94,1,93.0,High Risk,ðŸ“ž Call Immediately
15690021,502,Germany,Female,42,0,132002.7,1,0,1,28204.98,1,80.0,High Risk,ðŸ“ž Call Immediately
15740527,766,Germany,Female,62,7,142724.48,1,0,1,5893.23,1,88.0,High Risk,ðŸ“ž Call Immediately
15657529,714,Germany,Male,53,1,99141.86,1,1,1,72496.05,1,87.0,High Risk,ðŸ“ž Call Immediately
15778149,538,Spain,Male,68,9,0.0,2,1,0,110440.5,1,86.0,High Risk,ðŸ“ž Call Immediately
15791867,544,Germany,Male,44,2,108895.93,1,0,0,69228.2,1,90.0,High Risk,ðŸ“ž Call Immediately
15719991,727,Spain,Female,52,1,154733.97,1,1,0,80259.67,1,88.0,High Risk,ðŸ“ž Call Immediately
15654577,549,Germany,Male,54,5,92877.33,1,1,0,2619.64,1,89.0,High Risk,ðŸ“ž Call Immediately
15585853,743,Spain,Male,41,7,0.0,1,1,0,163736.09,1,81.0,High Risk,ðŸ“ž Call Immediately
15623107,686,Spain,Male,45,3,74274.87,3,1,0,64907.48,1,85.0,High Risk,ðŸ“ž Call Immediately
15592000,781,Germany,Female,48,9,82794.18,1,1,0,124720.68,1,88.0,High Risk,ðŸ“ž Call Immediately
15596455,546,Spain,Female,45,2,0.0,1,0,0,197789.83,1,89.0,High Risk,ðŸ“ž Call Immediately
15812241,438,Germany,Male,59,7,127197.14,1,1,0,51565.98,1,92.0,High Risk,ðŸ“ž Call Immediately
15567063,766,Germany,Female,34,6,106434.94,1,0,1,137995.66,1,85.0,High Risk,ðŸ“ž Call Immediately
15720637,710,Germany,Female,46,10,120530.34,1,1,0,166586.99,1,95.0,High Risk,ðŸ“ž Call Immediately
15616859,602,Germany,Female,43,2,113641.49,4,1,0,115116.35,1,98.0,High Risk,ðŸ“ž Call Immediately
15648967,698,Germany,Female,64,1,169362.43,1,1,0,84760.32,1,92.0,High Risk,ðŸ“ž Call Immediately
15716381,666,Germany,Female,50,7,109062.28,1,1,1,140136.1,1,84.0,High Risk,ðŸ“ž Call Immediately
15743617,713,Germany,Male,47,1,95994.98,1,1,0,197529.23,1,80.0,High Risk,ðŸ“ž Call Immediately
15778975,850,Germany,Female,70,1,96947.58,3,1,0,62282.99,1,92.0,High Risk,ðŸ“ž Call Immediately
15593795,516,Germany,Female,53,1,156674.2,1,1,0,118502.34,1,91.0,High Risk,ðŸ“ž Call Immediately
15774192,539,Germany,Female,38,8,105435.74,1,0,0,80575.44,1,83.0,High Risk,ðŸ“ž Call Immediately
15568006,634,France,Female,45,2,0.0,4,1,0,101039.53,1,96.0,High Risk,ðŸ“ž Call Immediately
15751748,666,France,Male,51,2,148222.65,1,0,0,156953.54,1,88.0,High Risk,ðŸ“ž Call Immediately
15812210,497,Germany,Female,32,8,111537.23,4,1,1,9497.99,1,92.0,High Risk,ðŸ“ž Call Immediately
15605826,652,Germany,Male,46,10,121063.8,3,1,0,151481.86,1,98.0,High Risk,ðŸ“ž Call Immediately
15673372,635,France,Female,58,1,0.0,1,1,1,58907.08,1,83.0,High Risk,ðŸ“ž Call Immediately
15587611,537,France,Male,59,9,0.0,2,0,0,103799.77,1,85.0,High Risk,ðŸ“ž Call Immediately
15715673,651,Spain,Female,46,4,89743.05,1,1,0,156425.57,1,82.0,High Risk,ðŸ“ž Call Immediately
15668248,528,Germany,Female,62,7,133201.17,1,0,0,168507.68,1,96.0,High Risk,ðŸ“ž Call Immediately
15694376,705,Germany,Female,64,3,153469.26,3,0,0,146573.66,1,97.0,High Risk,ðŸ“ž Call Immediately
15711028,534,France,Male,52,1,0.0,3,1,1,104035.41,1,86.0,High Risk,ðŸ“ž Call Immediately
15782360,743,Germany,Male,65,2,131935.51,1,1,1,96399.67,1,80.0,High Risk,ðŸ“ž Call Immediately
15784958,797,France,Female,55,10,0.0,4,1,1,49418.87,1,88.0,High Risk,ðŸ“ž Call Immediately
15734524,653,France,Male,51,3,0.0,1,1,0,170426.65,1,95.0,High Risk,ðŸ“ž Call Immediately
15649292,748,France,Female,49,7,29602.08,1,0,0,163550.58,1,90.0,High Risk,ðŸ“ž Call Immediately
15622532,708,France,Female,47,0,126589.12,2,0,1,132730.07,1,80.0,High Risk,ðŸ“ž Call Immediately
15687153,850,Germany,Male,49,8,98649.55,1,1,0,119174.88,1,85.0,High Risk,ðŸ“ž Call Immediately
15583353,610,Spain,Female,45,3,0.0,1,1,0,38276.84,1,82.0,High Risk,ðŸ“ž Call Immediately
15672594,597,France,Female,60,0,131778.08,1,0,0,10703.53,1,95.0,High Risk,ðŸ“ž Call Immediately
15579617,489,France,Female,51,3,0.0,2,0,1,174098.28,1,80.0,High Risk,ðŸ“ž Call Immediately
15593976,578,Germany,Female,31,5,102088.68,4,0,0,187866.21,1,82.0,High Risk,ðŸ“ž Call Immediately
15596870,749,Germany,Male,54,3,144768.94,1,1,0,93336.3,1,95.0,High Risk,ðŸ“ž Call Immediately
15751491,443,Germany,Male,50,3,117206.3,1,1,0,42840.18,1,84.0,High Risk,ðŸ“ž Call Immediately
15808674,616,Germany,Female,45,6,128352.59,3,1,1,144000.59,1,99.0,High Risk,ðŸ“ž Call Immediately
15791780,706,Germany,Female,48,10,104478.12,3,0,1,158248.71,1,96.0,High Risk,ðŸ“ž Call Immediately
15680706,537,Germany,Male,48,4,131834.8,1,1,0,166476.95,1,90.0,High Risk,ðŸ“ž Call Immediately
15618774,474,France,Male,54,3,0.0,1,1,0,108409.17,1,95.0,High Risk,ðŸ“ž Call Immediately
15583580,566,Germany,Female,35,1,123042.0,1,1,0,66245.44,1,81.0,High Risk,ðŸ“ž Call Immediately
15653937,638,Germany,Female,53,1,123916.67,1,1,0,16657.68,1,93.0,High Risk,ðŸ“ž Call Immediately
15582849,757,France,Female,51,1,0.0,1,1,1,22835.13,1,92.0,High Risk,ðŸ“ž Call Immediately
15655410,768,Germany,Male,49,1,133384.66,1,1,0,102397.22,1,96.0,High Risk,ðŸ“ž Call Immediately
15759067,537,Germany,Female,37,7,158411.95,4,1,1,117690.58,1,96.0,High Risk,ðŸ“ž Call Immediately
15763256,661,Germany,Female,64,8,128751.65,2,1,0,189398.18,1,91.0,High Risk,ðŸ“ž Call Immediately
15711843,613,Germany,Male,40,1,147856.82,3,0,0,107961.11,1,94.0,High Risk,ðŸ“ž Call Immediately
15805704,745,France,Female,32,2,0.0,4,0,1,179705.13,1,86.0,High Risk,ðŸ“ž Call Immediately
15649150,531,France,Female,53,5,127642.44,1,1,0,141501.45,1,97.0,High Risk,ðŸ“ž Call Immediately
15668270,587,Germany,Female,44,5,125584.17,2,1,1,41852.24,1,82.0,High Risk,ðŸ“ž Call Immediately
15624820,683,Spain,Male,56,7,50911.21,3,0,0,97629.31,1,92.0,High Risk,ðŸ“ž Call Immediately
15783225,737,France,Male,54,9,0.0,1,1,0,83470.4,1,92.0,High Risk,ðŸ“ž Call Immediately
15781272,669,France,Male,50,4,149713.61,3,1,1,124872.42,1,86.0,High Risk,ðŸ“ž Call Immediately
15573888,648,Germany,Female,43,1,107963.38,1,0,0,186438.86,1,87.0,High Risk,ðŸ“ž Call Immediately
15777045,783,Spain,Female,44,3,81811.71,1,1,0,164213.53,1,82.0,High Risk,ðŸ“ž Call Immediately
15569274,678,Germany,Male,49,2,116933.11,1,1,0,195053.58,1,94.0,High Risk,ðŸ“ž Call Immediately
15693205,691,Germany,Female,41,8,109153.96,3,1,1,148848.76,1,97.0,High Risk,ðŸ“ž Call Immediately
15739592,707,Germany,Female,51,10,98438.23,1,0,0,70778.63,1,91.0,High Risk,ðŸ“ž Call Immediately
15792228,748,France,Male,60,0,152335.7,1,1,0,126743.33,1,93.0,High Risk,ðŸ“ž Call Immediately
15803456,641,France,Female,40,9,0.0,1,0,0,151648.66,1,83.0,High Risk,ðŸ“ž Call Immediately
15644692,546,France,Female,47,8,0.0,1,1,1,66408.01,1,80.0,High Risk,ðŸ“ž Call Immediately
15574761,466,France,Female,41,3,33563.95,2,1,0,178994.13,1,81.0,High Risk,ðŸ“ž Call Immediately
15743817,621,Germany,Male,40,8,174126.75,3,1,0,172490.78,1,97.0,High Risk,ðŸ“ž Call Immediately
15740406,628,Germany,Male,38,10,113525.84,1,1,0,46044.48,1,86.0,High Risk,ðŸ“ž Call Immediately
15783019,794,France,Female,62,9,123681.32,3,1,0,173586.63,1,99.0,High Risk,ðŸ“ž Call Immediately
15613886,722,Spain,Male,43,1,0.0,1,1,0,44560.17,1,81.0,High Risk,ðŸ“ž Call Immediately
15625092,502,Germany,Female,57,3,101465.31,1,1,0,43568.31,1,98.0,High Risk,ðŸ“ž Call Immediately
15784761,554,Spain,Female,46,7,87603.35,3,0,1,96929.24,1,96.0,High Risk,ðŸ“ž Call Immediately
15719508,575,Germany,Male,49,7,121205.15,4,1,1,168080.53,1,95.0,High Risk,ðŸ“ž Call Immediately
15584113,823,Germany,Female,53,4,124954.94,1,0,1,131259.6,1,84.0,High Risk,ðŸ“ž Call Immediately
15720583,745,Germany,Female,44,0,119638.21,1,1,1,34265.08,1,86.0,High Risk,ðŸ“ž Call Immediately
15606386,753,Germany,Female,46,3,111512.75,3,1,0,159576.75,1,96.0,High Risk,ðŸ“ž Call Immediately
15602282,587,Germany,Female,45,8,134980.74,1,1,1,123309.57,1,81.0,High Risk,ðŸ“ž Call Immediately
15793307,724,Spain,Female,41,4,142880.28,3,0,0,185541.2,1,88.0,High Risk,ðŸ“ž Call Immediately
15687372,547,Germany,Male,49,8,121537.71,2,1,0,46521.45,1,83.0,High Risk,ðŸ“ž Call Immediately
15624641,740,Spain,Male,43,9,0.0,1,1,0,199290.68,1,83.0,High Risk,ðŸ“ž Call Immediately
15787255,650,Germany,Female,55,2,140891.46,3,1,1,179834.45,1,90.0,High Risk,ðŸ“ž Call Immediately
15731555,595,Germany,Female,45,9,106000.12,1,0,0,191448.96,1,91.0,High Risk,ðŸ“ž Call Immediately
15718465,671,Germany,Male,51,3,96891.46,1,1,0,176403.33,1,95.0,High Risk,ðŸ“ž Call Immediately
15721460,678,France,Male,60,8,185648.56,1,0,0,192156.54,1,92.0,High Risk,ðŸ“ž Call Immediately
15727317,533,Germany,Female,49,1,102286.6,3,1,0,69409.37,1,96.0,High Risk,ðŸ“ž Call Immediately
15641604,850,France,Female,55,10,98488.08,1,1,0,155879.57,1,92.0,High Risk,ðŸ“ž Call Immediately
15601594,698,France,Female,51,6,144237.91,4,1,0,157143.61,1,98.0,High Risk,ðŸ“ž Call Immediately
15703728,700,Spain,Male,47,4,0.0,1,1,0,121798.52,1,92.0,High Risk,ðŸ“ž Call Immediately
15621611,742,Germany,Male,55,5,155196.17,1,0,1,121207.66,1,88.0,High Risk,ðŸ“ž Call Immediately
15709474,740,Germany,Female,57,3,113386.36,2,1,1,65121.63,1,84.0,High Risk,ðŸ“ž Call Immediately
15753174,571,Germany,Male,37,9,139592.98,3,1,0,104152.65,1,98.0,High Risk,ðŸ“ž Call Immediately
15749519,822,France,Male,38,6,128289.7,3,1,0,9149.96,1,94.0,High Risk,ðŸ“ž Call Immediately
15591286,731,Germany,Female,49,4,88826.07,1,1,1,33759.41,1,80.0,High Risk,ðŸ“ž Call Immediately
15608528,645,France,Female,68,9,0.0,4,1,1,176353.87,1,82.0,High Risk,ðŸ“ž Call Immediately
15691817,547,Spain,Female,44,5,0.0,3,0,0,5459.07,1,80.0,High Risk,ðŸ“ž Call Immediately
15587507,850,France,Male,47,6,0.0,1,1,0,187391.02,1,84.0,High Risk,ðŸ“ž Call Immediately
15743490,795,Germany,Female,56,9,94348.94,1,1,0,29239.29,1,93.0,High Risk,ðŸ“ž Call Immediately
15683416,572,Germany,Male,51,8,97750.07,3,1,1,193014.26,1,94.0,High Risk,ðŸ“ž Call Immediately
15728706,534,France,Female,49,7,0.0,1,1,0,13566.48,1,93.0,High Risk,ðŸ“ž Call Immediately
15624744,622,Germany,Male,42,9,115766.26,1,0,0,72155.85,1,81.0,High Risk,ðŸ“ž Call Immediately
15788068,743,Germany,Male,45,10,144677.19,3,1,0,22512.44,1,97.0,High Risk,ðŸ“ž Call Immediately
15700627,637,Germany,Female,46,2,143500.82,1,1,0,166996.46,1,89.0,High Risk,ðŸ“ž Call Immediately
15724076,815,Spain,Female,57,5,0.0,3,0,0,38941.44,1,96.0,High Risk,ðŸ“ž Call Immediately
15663410,771,Spain,Male,51,5,135506.58,3,1,1,152479.64,1,85.0,High Risk,ðŸ“ž Call Immediately
15745326,538,France,Female,62,3,75051.49,1,0,0,17682.02,1,93.0,High Risk,ðŸ“ž Call Immediately
15674541,575,Spain,Male,52,8,123925.23,1,0,0,111342.66,1,87.0,High Risk,ðŸ“ž Call Immediately
15668283,642,France,Male,48,9,118317.27,4,0,0,78702.98,1,89.0,High Risk,ðŸ“ž Call Immediately
15669664,574,Germany,Male,54,1,99774.5,1,0,0,4896.11,1,94.0,High Risk,ðŸ“ž Call Immediately
15648933,831,Germany,Male,44,3,111100.98,1,1,1,28144.07,1,82.0,High Risk,ðŸ“ž Call Immediately
15566253,580,Germany,Male,44,9,143391.07,1,0,0,146891.07,1,88.0,High Risk,ðŸ“ž Call Immediately
15660417,613,Germany,Female,43,10,120481.69,1,0,0,94875.03,1,83.0,High Risk,ðŸ“ž Call Immediately
15726855,805,Germany,Female,45,9,116585.97,1,1,0,189428.75,1,93.0,High Risk,ðŸ“ž Call Immediately
15606397,577,Germany,Female,44,1,152086.15,1,0,1,44719.5,1,80.0,High Risk,ðŸ“ž Call Immediately
15642821,383,Spain,Female,48,8,95808.19,1,0,0,137702.01,1,88.0,High Risk,ðŸ“ž Call Immediately
15773283,641,France,Male,65,6,38340.02,1,1,0,32607.77,1,97.0,High Risk,ðŸ“ž Call Immediately
15694444,648,Germany,Female,32,8,157138.99,3,1,0,190994.48,1,91.0,High Risk,ðŸ“ž Call Immediately
15583073,771,Spain,Female,56,2,0.0,1,1,1,25222.6,1,84.0,High Risk,ðŸ“ž Call Immediately
15645847,569,Germany,Male,35,2,109196.66,3,1,0,109393.19,1,95.0,High Risk,ðŸ“ž Call Immediately
15708867,684,Spain,Female,38,3,134168.5,3,1,0,3966.5,1,97.0,High Risk,ðŸ“ž Call Immediately
15635964,566,Germany,Male,65,4,120100.41,1,1,0,107563.16,1,98.0,High Risk,ðŸ“ž Call Immediately
15588372,715,Germany,Female,37,9,105489.31,1,0,0,143096.49,1,85.0,High Risk,ðŸ“ž Call Immediately
15635870,579,Germany,Female,50,5,117721.02,1,0,1,192146.63,1,85.0,High Risk,ðŸ“ž Call Immediately
15741988,492,Germany,Female,52,8,125396.24,1,1,0,10014.72,1,88.0,High Risk,ðŸ“ž Call Immediately
15785373,717,Spain,Female,42,5,190305.78,1,1,0,99347.8,1,86.0,High Risk,ðŸ“ž Call Immediately
15638607,546,France,Female,52,2,0.0,1,1,0,137332.37,1,93.0,High Risk,ðŸ“ž Call Immediately
15651664,615,France,Female,61,1,104267.7,1,1,0,62845.64,1,96.0,High Risk,ðŸ“ž Call Immediately
15811565,705,Spain,Female,47,3,63488.7,1,0,1,28640.92,1,88.0,High Risk,ðŸ“ž Call Immediately
15713774,644,Spain,Female,46,6,12459.19,1,0,0,156787.34,1,88.0,High Risk,ðŸ“ž Call Immediately
15812888,447,France,Male,41,3,0.0,4,1,1,197490.39,1,89.0,High Risk,ðŸ“ž Call Immediately
15724154,625,Germany,Female,49,4,128504.76,1,1,0,126812.63,1,89.0,High Risk,ðŸ“ž Call Immediately
15572038,660,Germany,Male,35,9,113948.58,1,1,0,188891.96,1,87.0,High Risk,ðŸ“ž Call Immediately
15643671,696,Germany,Male,49,5,97036.22,2,1,0,152450.84,1,81.0,High Risk,ðŸ“ž Call Immediately
15583392,747,Germany,Male,37,9,135776.36,3,1,0,85470.45,1,95.0,High Risk,ðŸ“ž Call Immediately
15726103,689,Germany,Female,55,1,76296.81,1,1,0,42364.75,1,94.0,High Risk,ðŸ“ž Call Immediately
15730044,809,Germany,Female,42,6,64497.94,3,0,1,182436.81,1,88.0,High Risk,ðŸ“ž Call Immediately
15649853,625,France,Female,45,3,0.0,1,1,1,184474.15,1,82.0,High Risk,ðŸ“ž Call Immediately
15659800,584,Spain,Female,50,1,0.0,1,0,1,152567.75,1,90.0,High Risk,ðŸ“ž Call Immediately
15694556,684,France,Male,60,2,116563.58,1,1,0,120257.7,1,94.0,High Risk,ðŸ“ž Call Immediately
15573628,751,Germany,Female,51,7,148074.79,1,1,0,146411.41,1,96.0,High Risk,ðŸ“ž Call Immediately
15698953,636,Spain,Male,36,1,0.0,3,1,1,74048.1,1,80.0,High Risk,ðŸ“ž Call Immediately
15570379,669,Spain,Male,51,3,88827.53,1,0,0,85250.77,1,81.0,High Risk,ðŸ“ž Call Immediately
15737267,676,France,Female,49,1,0.0,1,1,0,79342.31,1,91.0,High Risk,ðŸ“ž Call Immediately
15569666,517,France,Female,45,4,0.0,1,0,0,172674.36,1,91.0,High Risk,ðŸ“ž Call Immediately
15765300,596,Germany,Male,40,5,62389.03,3,1,0,148623.43,1,88.0,High Risk,ðŸ“ž Call Immediately
15608541,498,France,Male,46,1,91857.66,1,1,0,101954.78,1,86.0,High Risk,ðŸ“ž Call Immediately
15813659,594,France,Female,56,7,0.0,1,1,0,26215.85,1,97.0,High Risk,ðŸ“ž Call Immediately
15664270,692,Germany,Male,45,6,142084.04,4,1,0,188305.85,1,97.0,High Risk,ðŸ“ž Call Immediately
15641934,749,Spain,Female,46,9,66582.81,1,1,0,78753.12,1,88.0,High Risk,ðŸ“ž Call Immediately
15725665,679,France,Male,47,10,198546.1,2,1,0,191198.92,1,81.0,High Risk,ðŸ“ž Call Immediately
15786196,555,France,Female,44,3,105770.7,3,1,0,60533.96,1,93.0,High Risk,ðŸ“ž Call Immediately
15612095,751,France,Female,48,9,0.0,1,1,0,137508.42,1,89.0,High Risk,ðŸ“ž Call Immediately
15591036,577,Germany,Female,43,3,127940.47,1,0,0,125140.72,1,81.0,High Risk,ðŸ“ž Call Immediately
15566988,656,Germany,Female,46,7,141535.52,1,1,0,50595.15,1,81.0,High Risk,ðŸ“ž Call Immediately
15695339,517,Germany,Male,53,0,109172.88,1,1,0,54676.1,1,89.0,High Risk,ðŸ“ž Call Immediately
15806808,834,Germany,Female,57,8,112281.6,3,1,0,140225.14,1,96.0,High Risk,ðŸ“ž Call Immediately
15623499,548,Germany,Male,49,9,108437.89,1,0,0,127022.87,1,94.0,High Risk,ðŸ“ž Call Immediately
15807163,537,France,Female,38,10,0.0,1,0,0,52337.97,1,80.0,High Risk,ðŸ“ž Call Immediately
15601811,668,France,Female,53,10,110240.04,1,0,0,183980.56,1,92.0,High Risk,ðŸ“ž Call Immediately
15658577,629,France,Female,37,10,99546.25,3,0,1,25136.95,1,93.0,High Risk,ðŸ“ž Call Immediately
15783007,520,Germany,Female,45,1,123086.39,1,1,1,41042.4,1,84.0,High Risk,ðŸ“ž Call Immediately
15773013,633,France,Female,47,0,0.0,1,1,1,6342.84,1,82.0,High Risk,ðŸ“ž Call Immediately
15684868,668,Germany,Male,56,9,110993.79,1,1,0,134396.64,1,98.0,High Risk,ðŸ“ž Call Immediately
15758023,544,Germany,Male,47,5,105245.21,1,0,0,99922.08,1,90.0,High Risk,ðŸ“ž Call Immediately
15725945,659,Spain,Female,42,2,0.0,1,0,0,162734.31,1,85.0,High Risk,ðŸ“ž Call Immediately
15813159,526,France,Male,52,8,93590.47,1,0,1,21228.71,1,81.0,High Risk,ðŸ“ž Call Immediately
15603880,519,Germany,Male,38,1,114141.64,1,1,1,60988.21,1,84.0,High Risk,ðŸ“ž Call Immediately
15596992,482,Germany,Male,45,7,156353.46,1,1,0,72643.95,1,81.0,High Risk,ðŸ“ž Call Immediately
15743498,532,Germany,Male,52,9,137755.76,1,1,0,163191.99,1,98.0,High Risk,ðŸ“ž Call Immediately
15750731,736,Germany,Male,50,9,116309.01,1,1,0,185360.4,1,96.0,High Risk,ðŸ“ž Call Immediately
15749401,686,France,Male,60,9,0.0,3,1,1,75246.21,1,90.0,High Risk,ðŸ“ž Call Immediately
15720371,652,France,Female,51,3,0.0,1,1,0,173989.47,1,94.0,High Risk,ðŸ“ž Call Immediately
15625761,632,Germany,Male,41,8,127205.32,4,1,0,93874.87,1,95.0,High Risk,ðŸ“ž Call Immediately
15656822,568,Germany,Male,43,5,87612.64,4,1,1,107155.4,1,90.0,High Risk,ðŸ“ž Call Immediately
15664339,775,Spain,Male,48,4,178144.91,2,0,0,50168.41,1,89.0,High Risk,ðŸ“ž Call Immediately
15645200,581,Germany,Female,54,2,152508.99,1,1,0,187597.98,1,98.0,High Risk,ðŸ“ž Call Immediately
15603554,513,France,Female,45,0,164649.52,3,1,0,49915.52,1,100.0,High Risk,ðŸ“ž Call Immediately
15792305,762,Germany,Male,46,6,123571.77,3,0,1,57014.17,1,98.0,High Risk,ðŸ“ž Call Immediately
15729238,631,Germany,Male,48,1,106396.48,1,1,1,150661.42,1,91.0,High Risk,ðŸ“ž Call Immediately
15718242,725,Germany,Female,47,1,104887.43,1,0,0,86622.56,1,91.0,High Risk,ðŸ“ž Call Immediately
15589017,547,Germany,Male,55,4,111362.76,3,1,0,16922.28,1,97.0,High Risk,ðŸ“ž Call Immediately
15689328,705,Germany,Male,48,9,114169.16,1,0,0,173273.2,1,91.0,High Risk,ðŸ“ž Call Immediately
15620756,747,France,Male,49,6,202904.64,1,1,1,17298.72,1,81.0,High Risk,ðŸ“ž Call Immediately
15661275,532,Germany,Male,52,3,110791.97,1,1,0,148704.77,1,98.0,High Risk,ðŸ“ž Call Immediately
15768471,554,Germany,Female,54,6,108755.0,1,1,0,40914.32,1,98.0,High Risk,ðŸ“ž Call Immediately
15608338,757,Spain,Female,55,9,117294.12,4,1,0,94187.47,1,96.0,High Risk,ðŸ“ž Call Immediately
15773276,633,Spain,Male,63,4,114552.6,1,1,0,73856.28,1,84.0,High Risk,ðŸ“ž Call Immediately
15621550,535,Spain,Female,50,1,140292.58,3,0,0,69531.22,1,98.0,High Risk,ðŸ“ž Call Immediately
15755241,714,France,Female,52,2,0.0,1,0,1,144045.08,1,82.0,High Risk,ðŸ“ž Call Immediately
15591169,788,Germany,Female,49,4,137455.99,1,1,0,184178.29,1,81.0,High Risk,ðŸ“ž Call Immediately
15766427,565,Germany,Male,52,5,97720.35,2,1,0,175070.94,1,86.0,High Risk,ðŸ“ž Call Immediately
15687421,559,Spain,Male,67,9,125919.35,1,1,0,175910.95,1,84.0,High Risk,ðŸ“ž Call Immediately
15686835,738,Germany,Female,57,9,148384.64,1,0,0,155047.11,1,98.0,High Risk,ðŸ“ž Call Immediately
15793455,627,Spain,Female,55,6,0.0,1,0,0,91943.94,1,95.0,High Risk,ðŸ“ž Call Immediately
15814468,551,Germany,Male,50,1,121399.98,1,0,1,84508.44,1,85.0,High Risk,ðŸ“ž Call Immediately
15566312,660,Spain,Female,42,5,0.0,3,1,1,189016.24,1,87.0,High Risk,ðŸ“ž Call Immediately
15739972,650,Germany,Female,45,9,152367.21,3,1,0,150835.21,1,96.0,High Risk,ðŸ“ž Call Immediately
15708534,524,Spain,Female,64,5,0.0,1,1,0,136079.64,1,93.0,High Risk,ðŸ“ž Call Immediately
15582033,753,Germany,Male,44,3,138076.47,1,1,0,15523.09,1,85.0,High Risk,ðŸ“ž Call Immediately
15736126,850,Germany,Male,55,0,98710.89,1,1,1,83617.17,1,88.0,High Risk,ðŸ“ž Call Immediately
15745399,649,Spain,Female,49,2,0.0,1,1,0,84863.85,1,90.0,High Risk,ðŸ“ž Call Immediately
15598982,602,Germany,Female,53,5,98268.84,1,0,1,45038.29,1,84.0,High Risk,ðŸ“ž Call Immediately
15704160,648,Spain,Male,49,5,0.0,1,1,0,149946.43,1,96.0,High Risk,ðŸ“ž Call Immediately
15640852,617,Germany,Female,39,5,83348.89,3,1,0,7953.62,1,94.0,High Risk,ðŸ“ž Call Immediately
15793688,669,France,Male,50,9,201009.64,1,1,0,158032.5,1,86.0,High Risk,ðŸ“ž Call Immediately
15761053,596,Germany,Male,48,2,131326.47,1,0,0,1140.02,1,89.0,High Risk,ðŸ“ž Call Immediately
15700801,850,Germany,Male,42,6,84445.68,3,0,1,60021.34,1,87.0,High Risk,ðŸ“ž Call Immediately
15571869,669,Germany,Female,50,4,112650.89,1,0,0,166386.22,1,91.0,High Risk,ðŸ“ž Call Immediately
15607526,638,Germany,Male,50,1,102645.48,1,1,0,168359.98,1,98.0,High Risk,ðŸ“ž Call Immediately
15593425,662,Spain,Female,54,1,187997.15,1,0,0,111442.71,1,91.0,High Risk,ðŸ“ž Call Immediately
15651883,794,Germany,Female,55,6,115796.7,1,1,0,160526.36,1,94.0,High Risk,ðŸ“ž Call Immediately
15808544,747,France,Female,40,3,0.0,1,0,0,57817.84,1,81.0,High Risk,ðŸ“ž Call Immediately
15655213,591,Germany,Female,51,8,132508.3,1,1,1,161304.68,1,81.0,High Risk,ðŸ“ž Call Immediately
15797900,517,France,Male,56,9,142147.32,1,0,0,39488.04,1,94.0,High Risk,ðŸ“ž Call Immediately
15746333,562,France,Female,57,3,0.0,3,1,0,6554.97,1,98.0,High Risk,ðŸ“ž Call Immediately
15583863,681,Germany,Male,49,8,142946.18,1,0,0,187280.51,1,92.0,High Risk,ðŸ“ž Call Immediately
15666711,586,France,Female,46,0,0.0,3,0,1,131553.82,1,92.0,High Risk,ðŸ“ž Call Immediately
15633213,628,Spain,Male,50,8,0.0,1,0,0,144366.83,1,91.0,High Risk,ðŸ“ž Call Immediately
15619608,454,Germany,Female,50,10,92895.56,1,1,0,154344.0,1,90.0,High Risk,ðŸ“ž Call Immediately
15723318,619,France,Female,55,0,0.0,3,0,0,60810.64,1,97.0,High Risk,ðŸ“ž Call Immediately
15771299,707,France,Female,57,1,92053.0,1,1,1,164064.44,1,85.0,High Risk,ðŸ“ž Call Immediately
15616213,555,Germany,Female,51,9,138214.5,1,1,0,198715.27,1,92.0,High Risk,ðŸ“ž Call Immediately
15690546,618,France,Female,42,2,0.0,4,0,0,111097.39,1,94.0,High Risk,ðŸ“ž Call Immediately
15751455,469,France,Female,48,5,0.0,1,1,0,160529.71,1,90.0,High Risk,ðŸ“ž Call Immediately
15657809,585,France,Male,55,10,106415.57,3,1,1,122960.98,1,96.0,High Risk,ðŸ“ž Call Immediately
15611669,623,Germany,Male,50,7,126608.37,1,0,1,645.61,1,97.0,High Risk,ðŸ“ž Call Immediately
15605059,576,Germany,Male,63,3,148843.56,1,1,0,69414.13,1,98.0,High Risk,ðŸ“ž Call Immediately
15662243,559,France,Male,50,5,162702.35,1,0,0,150548.5,1,82.0,High Risk,ðŸ“ž Call Immediately
15593128,608,France,Female,56,10,129255.2,2,1,0,142492.04,1,88.0,High Risk,ðŸ“ž Call Immediately
15696989,469,Germany,Female,52,8,139493.25,3,0,0,150093.32,1,98.0,High Risk,ðŸ“ž Call Immediately
15738715,600,France,Female,37,4,0.0,3,1,0,7312.25,1,80.0,High Risk,ðŸ“ž Call Immediately
15629299,546,Germany,Female,52,1,106074.89,1,1,1,23548.45,1,92.0,High Risk,ðŸ“ž Call Immediately
15654457,685,Spain,Female,30,2,0.0,3,1,1,172576.43,1,87.0,High Risk,ðŸ“ž Call Immediately
15658067,636,Germany,Female,48,3,120568.41,1,1,0,190160.04,1,95.0,High Risk,ðŸ“ž Call Immediately
15665283,610,France,Female,57,7,72092.95,4,0,1,113228.82,1,98.0,High Risk,ðŸ“ž Call Immediately
15673877,490,France,Male,39,1,0.0,3,1,0,171060.01,1,82.0,High Risk,ðŸ“ž Call Immediately
15760865,754,Germany,Female,48,7,141819.02,1,1,0,93550.53,1,81.0,High Risk,ðŸ“ž Call Immediately
15705009,649,France,Female,56,8,156974.26,1,1,0,89405.26,1,90.0,High Risk,ðŸ“ž Call Immediately
15694765,610,Germany,Male,49,6,113882.33,1,1,0,195813.81,1,91.0,High Risk,ðŸ“ž Call Immediately
15700263,569,France,Male,66,2,0.0,1,1,0,130784.2,1,91.0,High Risk,ðŸ“ž Call Immediately
15710087,705,Germany,Female,54,3,125889.3,3,1,0,96013.5,1,98.0,High Risk,ðŸ“ž Call Immediately
15679884,544,France,Male,48,10,78314.63,3,1,1,103713.93,1,93.0,High Risk,ðŸ“ž Call Immediately
15804853,781,France,Female,48,0,57098.96,1,1,0,85644.06,1,90.0,High Risk,ðŸ“ž Call Immediately
15569249,576,France,Female,55,6,44582.07,3,0,1,67539.85,1,88.0,High Risk,ðŸ“ž Call Immediately
15706232,595,France,Male,52,9,0.0,1,1,1,106340.66,1,82.0,High Risk,ðŸ“ž Call Immediately
15640074,666,Spain,Female,47,5,0.0,1,0,0,166650.9,1,95.0,High Risk,ðŸ“ž Call Immediately
15715750,646,Germany,Female,44,2,113063.83,1,0,0,53072.49,1,90.0,High Risk,ðŸ“ž Call Immediately
15638610,635,Germany,Female,65,5,117325.54,1,1,0,155799.86,1,85.0,High Risk,ðŸ“ž Call Immediately
15768600,805,Germany,Male,50,9,130023.38,1,1,0,62989.82,1,92.0,High Risk,ðŸ“ž Call Immediately
15796813,493,France,Male,54,3,167831.88,2,1,0,150159.95,1,90.0,High Risk,ðŸ“ž Call Immediately
15711446,569,Spain,Female,51,3,0.0,3,1,0,75084.96,1,87.0,High Risk,ðŸ“ž Call Immediately
15672432,594,France,Female,53,4,0.0,1,1,0,5408.74,1,80.0,High Risk,ðŸ“ž Call Immediately
15767264,465,Germany,Male,53,1,117438.17,1,0,0,74898.8,1,93.0,High Risk,ðŸ“ž Call Immediately
15815271,755,Germany,Male,43,6,165048.5,3,1,0,16929.41,1,97.0,High Risk,ðŸ“ž Call Immediately
15671769,624,France,Female,71,4,170252.05,3,1,1,73679.59,1,89.0,High Risk,ðŸ“ž Call Immediately
15571415,805,Germany,Male,56,6,151802.29,1,1,0,46791.09,1,92.0,High Risk,ðŸ“ž Call Immediately
15600975,556,France,Female,54,4,150005.38,1,1,0,157015.5,1,97.0,High Risk,ðŸ“ž Call Immediately
15763108,600,Germany,Male,53,7,106261.63,1,1,0,93629.66,1,96.0,High Risk,ðŸ“ž Call Immediately
15644453,606,Germany,Female,41,4,132670.53,1,1,0,156476.36,1,82.0,High Risk,ðŸ“ž Call Immediately
15642391,621,Germany,Male,51,4,109978.83,1,0,0,177740.58,1,90.0,High Risk,ðŸ“ž Call Immediately
15788776,588,Germany,Male,49,6,132623.76,3,1,0,36292.94,1,98.0,High Risk,ðŸ“ž Call Immediately
15577515,554,Germany,Female,55,0,108477.27,1,0,1,140003.0,1,90.0,High Risk,ðŸ“ž Call Immediately
15737998,529,France,Male,46,8,0.0,1,0,0,126511.94,1,82.0,High Risk,ðŸ“ž Call Immediately
15609070,515,Germany,Male,45,7,120961.5,3,1,1,39288.11,1,96.0,High Risk,ðŸ“ž Call Immediately
15591010,434,Germany,Male,55,8,109339.17,2,1,0,96405.88,1,93.0,High Risk,ðŸ“ž Call Immediately
15798895,525,France,Female,59,6,55328.4,1,1,0,83342.73,1,96.0,High Risk,ðŸ“ž Call Immediately
15621423,736,France,Female,42,7,117280.23,3,0,0,41921.06,1,97.0,High Risk,ðŸ“ž Call Immediately
15788131,653,France,Male,47,6,0.0,1,1,0,50695.93,1,82.0,High Risk,ðŸ“ž Call Immediately
15623210,484,Germany,Female,55,8,149349.58,3,0,0,137519.92,1,100.0,High Risk,ðŸ“ž Call Immediately
15730287,679,France,Male,41,8,147726.98,3,1,0,172749.4,1,96.0,High Risk,ðŸ“ž Call Immediately
15761554,581,France,Male,54,4,89299.81,1,0,0,5558.47,1,91.0,High Risk,ðŸ“ž Call Immediately
15594133,697,Spain,Male,62,7,0.0,1,1,0,129188.18,1,98.0,High Risk,ðŸ“ž Call Immediately
15701687,664,Spain,Male,44,7,77526.66,3,0,0,57338.56,1,90.0,High Risk,ðŸ“ž Call Immediately
15663194,582,Germany,Female,40,3,110150.43,1,1,1,191757.65,1,85.0,High Risk,ðŸ“ž Call Immediately
15736510,605,Spain,Female,57,2,0.0,3,1,0,66652.75,1,94.0,High Risk,ðŸ“ž Call Immediately
15734649,779,Spain,Female,55,0,133295.98,1,1,0,22832.71,1,89.0,High Risk,ðŸ“ž Call Immediately
15648681,747,France,Female,47,5,139914.6,4,0,1,129964.56,1,96.0,High Risk,ðŸ“ž Call Immediately
15747757,600,Germany,Female,58,8,118723.11,1,0,0,6209.51,1,88.0,High Risk,ðŸ“ž Call Immediately
15762716,762,Spain,Female,60,10,168920.75,1,1,0,31445.03,1,91.0,High Risk,ðŸ“ž Call Immediately
15811690,793,Germany,Male,54,2,128966.13,1,0,0,18633.4,1,91.0,High Risk,ðŸ“ž Call Immediately
15810723,607,France,Female,39,10,0.0,3,1,0,132741.13,1,84.0,High Risk,ðŸ“ž Call Immediately
15689786,850,Germany,Male,56,1,169743.83,1,0,0,155850.4,1,92.0,High Risk,ðŸ“ž Call Immediately
15796111,708,Germany,Female,54,8,145151.4,1,0,1,125311.17,1,84.0,High Risk,ðŸ“ž Call Immediately
15815095,850,Spain,Male,54,7,108185.81,2,0,0,24093.4,1,86.0,High Risk,ðŸ“ž Call Immediately
15696287,682,Germany,Female,38,1,116520.28,1,1,1,49833.5,1,81.0,High Risk,ðŸ“ž Call Immediately
15808386,721,Germany,Female,45,7,138523.2,1,0,0,59604.45,1,81.0,High Risk,ðŸ“ž Call Immediately
15603565,603,Spain,Female,56,5,90778.76,2,1,0,162223.67,1,93.0,High Risk,ðŸ“ž Call Immediately
15744044,572,Germany,Male,47,4,99353.42,1,1,0,196549.85,1,90.0,High Risk,ðŸ“ž Call Immediately
15577771,453,Germany,Female,40,1,111524.49,1,1,1,120373.84,1,86.0,High Risk,ðŸ“ž Call Immediately
15779492,796,Spain,Male,56,6,94231.13,1,0,0,121164.6,1,90.0,High Risk,ðŸ“ž Call Immediately
15790630,619,France,Female,48,4,0.0,1,0,0,18094.96,1,85.0,High Risk,ðŸ“ž Call Immediately
15647898,610,Spain,Female,50,5,130554.51,3,1,0,184758.17,1,94.0,High Risk,ðŸ“ž Call Immediately
15671534,646,Germany,Female,57,6,90212.0,1,1,0,13911.27,1,92.0,High Risk,ðŸ“ž Call Immediately
15630592,516,France,Female,45,4,0.0,1,1,0,95273.73,1,91.0,High Risk,ðŸ“ž Call Immediately
15702571,778,Germany,Female,35,1,151958.19,3,1,1,131238.37,1,89.0,High Risk,ðŸ“ž Call Immediately
15668889,665,Germany,Female,43,2,116322.27,4,1,0,35640.12,1,97.0,High Risk,ðŸ“ž Call Immediately
15569682,768,Germany,Male,37,9,108308.11,1,1,0,41788.25,1,82.0,High Risk,ðŸ“ž Call Immediately
15799859,704,France,Male,50,4,165438.26,1,1,0,120770.75,1,86.0,High Risk,ðŸ“ž Call Immediately
15646190,677,France,Female,56,0,119963.45,1,0,0,158325.87,1,96.0,High Risk,ðŸ“ž Call Immediately
15785367,651,France,Female,56,4,0.0,1,0,0,84383.22,1,93.0,High Risk,ðŸ“ž Call Immediately
15790113,609,Germany,Female,71,6,113317.1,1,1,0,108258.22,1,84.0,High Risk,ðŸ“ž Call Immediately
15642001,576,Germany,Male,44,9,119530.52,1,1,0,119056.68,1,91.0,High Risk,ðŸ“ž Call Immediately
15715907,699,France,Male,64,9,113109.52,1,1,0,27980.8,1,93.0,High Risk,ðŸ“ž Call Immediately
15771409,586,France,Male,58,7,151933.63,1,1,0,162960.05,1,93.0,High Risk,ðŸ“ž Call Immediately
15711299,711,Germany,Female,52,8,145262.54,1,0,1,131473.31,1,81.0,High Risk,ðŸ“ž Call Immediately
15592773,630,Germany,Female,51,0,108449.23,3,0,0,88372.69,1,99.0,High Risk,ðŸ“ž Call Immediately
15785705,705,Germany,Female,44,10,106731.58,1,1,0,137419.87,1,81.0,High Risk,ðŸ“ž Call Immediately
15623369,708,France,Male,52,10,105355.81,1,1,0,123.07,1,81.0,High Risk,ðŸ“ž Call Immediately
15750545,629,France,Male,44,5,0.0,4,0,0,117572.59,1,95.0,High Risk,ðŸ“ž Call Immediately
15791944,697,France,Male,32,7,175464.85,3,1,0,116442.42,1,99.0,High Risk,ðŸ“ž Call Immediately
15768342,718,France,Male,52,8,79475.3,3,1,1,32421.32,1,91.0,High Risk,ðŸ“ž Call Immediately
15568819,619,Germany,Female,42,8,132796.04,3,1,1,191821.35,1,95.0,High Risk,ðŸ“ž Call Immediately
15613699,430,France,Female,60,7,73937.02,1,1,0,161937.62,1,94.0,High Risk,ðŸ“ž Call Immediately
15609758,537,France,Female,45,7,158621.04,1,1,0,120892.96,1,84.0,High Risk,ðŸ“ž Call Immediately
15636454,691,France,Female,60,6,101070.69,1,1,0,177355.8,1,91.0,High Risk,ðŸ“ž Call Immediately
15591107,723,Germany,Female,68,3,110357.0,1,0,0,141977.54,1,94.0,High Risk,ðŸ“ž Call Immediately
15727811,661,Germany,Female,47,0,109493.62,1,0,0,188324.01,1,91.0,High Risk,ðŸ“ž Call Immediately
15666297,706,Spain,Female,53,3,0.0,3,0,0,88479.02,1,98.0,High Risk,ðŸ“ž Call Immediately
15701738,612,Germany,Male,44,2,115163.38,1,1,1,97677.52,1,84.0,High Risk,ðŸ“ž Call Immediately
15650591,809,Germany,Male,50,10,118098.62,1,1,1,100720.02,1,83.0,High Risk,ðŸ“ž Call Immediately
15615296,405,France,Male,39,10,0.0,1,1,0,160810.85,1,86.0,High Risk,ðŸ“ž Call Immediately
15592412,713,Germany,Male,45,4,131038.14,1,1,0,74005.04,1,86.0,High Risk,ðŸ“ž Call Immediately
15629985,723,Germany,Female,47,10,90450.0,2,0,0,103379.31,1,80.0,High Risk,ðŸ“ž Call Immediately
15691513,592,France,Male,60,9,0.0,4,1,1,13614.01,1,83.0,High Risk,ðŸ“ž Call Immediately
15582129,517,France,Male,62,1,43772.66,3,1,0,187756.24,1,98.0,High Risk,ðŸ“ž Call Immediately
15670898,740,France,Female,60,5,108028.08,2,0,0,25980.42,1,87.0,High Risk,ðŸ“ž Call Immediately
15673591,842,France,Male,44,3,141252.18,4,0,1,128521.16,1,94.0,High Risk,ðŸ“ž Call Immediately
15681007,850,France,Female,35,2,128548.49,4,1,0,75478.95,1,100.0,High Risk,ðŸ“ž Call Immediately
15596013,694,Germany,Female,58,1,143212.22,1,0,0,102628.56,1,98.0,High Risk,ðŸ“ž Call Immediately
15751177,685,Germany,Female,44,2,119657.53,1,1,0,145387.05,1,88.0,High Risk,ðŸ“ž Call Immediately
15748660,561,Germany,Female,49,1,102025.32,1,1,0,133051.64,1,96.0,High Risk,ðŸ“ž Call Immediately
15614168,792,Germany,Female,50,4,146710.76,1,1,0,16528.4,1,94.0,High Risk,ðŸ“ž Call Immediately
15681332,437,France,Female,43,6,0.0,1,1,0,148330.97,1,82.0,High Risk,ðŸ“ž Call Immediately
15795759,698,Germany,Female,52,1,107906.75,1,1,0,168886.39,1,95.0,High Risk,ðŸ“ž Call Immediately
15798844,678,France,Male,54,7,128914.97,1,0,0,191746.23,1,87.0,High Risk,ðŸ“ž Call Immediately
15649033,603,Germany,Female,55,7,127723.25,2,1,0,139469.11,1,94.0,High Risk,ðŸ“ž Call Immediately
15592751,684,Germany,Female,63,3,81245.79,1,1,0,69643.31,1,92.0,High Risk,ðŸ“ž Call Immediately
15647838,648,Germany,Female,51,2,116574.84,1,1,0,4121.04,1,89.0,High Risk,ðŸ“ž Call Immediately
15797165,703,France,Male,56,9,0.0,1,0,0,85547.33,1,90.0,High Risk,ðŸ“ž Call Immediately
15678497,850,Spain,Male,48,2,0.0,1,1,0,169425.3,1,93.0,High Risk,ðŸ“ž Call Immediately
15766288,586,Germany,Female,36,5,103700.69,1,1,0,194072.56,1,81.0,High Risk,ðŸ“ž Call Immediately
15746674,730,France,Female,47,7,0.0,1,1,0,33373.26,1,93.0,High Risk,ðŸ“ž Call Immediately
15811343,644,Germany,Male,35,5,161591.11,3,1,1,63795.62,1,89.0,High Risk,ðŸ“ž Call Immediately
15693771,651,Spain,Female,45,8,95922.9,1,1,0,84782.42,1,80.0,High Risk,ðŸ“ž Call Immediately
15732061,850,Germany,Female,45,1,121874.89,1,0,0,6865.41,1,86.0,High Risk,ðŸ“ž Call Immediately
15570931,620,France,Male,61,5,0.0,1,0,0,31641.52,1,87.0,High Risk,ðŸ“ž Call Immediately
15803538,695,Spain,Male,56,1,0.0,3,1,0,187734.49,1,97.0,High Risk,ðŸ“ž Call Immediately
15732644,567,Spain,Female,54,5,92316.31,2,1,0,158590.66,1,96.0,High Risk,ðŸ“ž Call Immediately
15617486,530,France,Male,52,1,106723.28,1,0,0,109960.4,1,92.0,High Risk,ðŸ“ž Call Immediately
15623630,634,Germany,Female,56,3,116251.24,1,0,1,42429.88,1,87.0,High Risk,ðŸ“ž Call Immediately
15652030,637,Germany,Male,49,2,108204.52,1,1,0,169037.84,1,99.0,High Risk,ðŸ“ž Call Immediately
15722632,716,Germany,Male,50,2,119655.77,1,1,1,12944.17,1,93.0,High Risk,ðŸ“ž Call Immediately
15713440,519,Germany,Female,21,1,151701.45,3,1,1,170138.68,1,84.0,High Risk,ðŸ“ž Call Immediately
15772482,829,Germany,Male,28,3,132405.52,3,1,0,104889.2,1,99.0,High Risk,ðŸ“ž Call Immediately
15787756,467,Germany,Male,51,10,114514.71,2,1,0,177784.68,1,86.0,High Risk,ðŸ“ž Call Immediately
15701439,698,Spain,Female,50,1,0.0,4,1,0,88566.9,1,97.0,High Risk,ðŸ“ž Call Immediately
15808868,652,France,Female,31,3,103696.97,3,0,0,155221.05,1,89.0,High Risk,ðŸ“ž Call Immediately
15686236,525,Germany,Female,47,1,118087.68,1,1,0,88120.78,1,89.0,High Risk,ðŸ“ž Call Immediately
15812607,663,Germany,Female,46,6,95439.4,1,1,1,21038.58,1,80.0,High Risk,ðŸ“ž Call Immediately
15688849,609,France,Male,48,1,108019.27,3,1,1,184524.65,1,95.0,High Risk,ðŸ“ž Call Immediately
15661473,780,Germany,Male,51,4,126725.25,1,1,0,195259.31,1,88.0,High Risk,ðŸ“ž Call Immediately
15745250,850,France,Male,58,8,156652.13,1,0,0,25899.21,1,94.0,High Risk,ðŸ“ž Call Immediately
15815656,541,Germany,Female,39,9,100116.67,1,1,1,199808.1,1,85.0,High Risk,ðŸ“ž Call Immediately
15584620,850,Germany,Female,36,6,143644.16,1,1,0,22102.25,1,80.0,High Risk,ðŸ“ž Call Immediately
15594391,770,France,Female,68,2,183555.24,1,0,0,159557.28,1,87.0,High Risk,ðŸ“ž Call Immediately
15588955,581,Germany,Female,43,5,93259.57,3,1,0,141035.65,1,93.0,High Risk,ðŸ“ž Call Immediately
15740223,479,Germany,Male,51,1,107714.74,3,1,0,86128.21,1,97.0,High Risk,ðŸ“ž Call Immediately
15635116,659,Spain,Male,60,2,0.0,1,1,0,177480.45,1,87.0,High Risk,ðŸ“ž Call Immediately
15777901,640,Germany,Female,43,9,94752.49,1,1,0,184006.36,1,87.0,High Risk,ðŸ“ž Call Immediately
15586236,704,France,Male,31,5,132084.66,3,1,1,54474.48,1,88.0,High Risk,ðŸ“ž Call Immediately
15603749,564,France,Female,53,2,45472.28,1,1,1,41055.71,1,80.0,High Risk,ðŸ“ž Call Immediately
15623063,651,Germany,Male,35,8,110067.71,1,1,0,127678.95,1,84.0,High Risk,ðŸ“ž Call Immediately
15814675,642,Germany,Female,39,8,128264.03,1,1,0,61792.76,1,88.0,High Risk,ðŸ“ž Call Immediately
15692106,606,Spain,Female,25,3,147386.72,3,1,0,45482.04,1,95.0,High Risk,ðŸ“ž Call Immediately
15791533,367,Spain,Male,42,6,93608.28,1,1,0,168816.73,1,89.0,High Risk,ðŸ“ž Call Immediately
15572050,768,Germany,Male,48,3,122831.58,1,1,1,24533.89,1,89.0,High Risk,ðŸ“ž Call Immediately
15588859,496,Spain,Female,44,0,179356.28,2,1,0,2919.21,1,90.0,High Risk,ðŸ“ž Call Immediately
15568032,757,Germany,Male,31,1,127320.36,3,1,0,163170.32,1,85.0,High Risk,ðŸ“ž Call Immediately
15577359,767,Spain,Male,47,5,0.0,1,1,0,121964.46,1,97.0,High Risk,ðŸ“ž Call Immediately
15743236,687,France,Female,61,7,80538.56,1,1,0,131305.37,1,96.0,High Risk,ðŸ“ž Call Immediately
15727177,557,France,Male,42,6,177822.03,1,1,0,150944.31,1,80.0,High Risk,ðŸ“ž Call Immediately
15774358,443,Germany,Male,59,4,110939.3,1,1,0,72846.58,1,87.0,High Risk,ðŸ“ž Call Immediately
15804142,670,Spain,Female,57,3,175575.95,2,1,0,99061.75,1,90.0,High Risk,ðŸ“ž Call Immediately
15670528,787,Germany,Male,43,0,132217.45,1,1,0,20955.03,1,81.0,High Risk,ðŸ“ž Call Immediately
15677796,766,Germany,Male,47,9,129289.98,1,1,0,169935.46,1,85.0,High Risk,ðŸ“ž Call Immediately
15708504,790,Germany,Male,50,8,121438.58,1,1,1,176471.78,1,92.0,High Risk,ðŸ“ž Call Immediately
15746515,750,France,Male,36,7,136492.92,3,1,1,26500.29,1,93.0,High Risk,ðŸ“ž Call Immediately
15605534,644,Germany,Female,51,4,95560.04,1,0,0,72628.84,1,94.0,High Risk,ðŸ“ž Call Immediately
15792473,598,Germany,Female,50,5,88379.81,3,0,1,64157.24,1,95.0,High Risk,ðŸ“ž Call Immediately
15605698,746,France,Male,58,3,0.0,3,1,1,80344.96,1,88.0,High Risk,ðŸ“ž Call Immediately
15788480,786,Germany,Female,33,0,122325.58,1,0,0,34712.34,1,80.0,High Risk,ðŸ“ž Call Immediately
15591698,849,Germany,Female,49,9,132934.89,1,1,0,171056.65,1,93.0,High Risk,ðŸ“ž Call Immediately
15712813,520,Germany,Male,43,3,150805.17,3,0,1,25333.03,1,94.0,High Risk,ðŸ“ž Call Immediately
15757759,807,Spain,Female,28,7,165969.26,3,1,0,156122.13,1,93.0,High Risk,ðŸ“ž Call Immediately
15796230,642,Germany,Female,36,2,124495.98,3,1,1,57904.22,1,91.0,High Risk,ðŸ“ž Call Immediately
15677336,557,Germany,Male,57,1,120043.13,1,1,0,132370.75,1,100.0,High Risk,ðŸ“ž Call Immediately
15661034,813,Germany,Female,29,5,106059.4,1,0,0,187976.88,1,82.0,High Risk,ðŸ“ž Call Immediately
15646720,628,Spain,Female,55,7,0.0,3,1,0,85890.75,1,98.0,High Risk,ðŸ“ž Call Immediately
15806570,763,France,Female,53,4,0.0,1,1,0,77203.72,1,100.0,High Risk,ðŸ“ž Call Immediately
15752507,769,Germany,Male,60,9,148846.39,1,1,0,192831.67,1,93.0,High Risk,ðŸ“ž Call Immediately
15655082,607,France,Female,48,4,112070.86,3,1,0,173568.3,1,92.0,High Risk,ðŸ“ž Call Immediately
15756321,612,Spain,Female,52,5,144772.69,1,0,0,98302.57,1,93.0,High Risk,ðŸ“ž Call Immediately
15601410,744,Spain,Female,46,1,0.0,3,1,1,177431.59,1,92.0,High Risk,ðŸ“ž Call Immediately
15658982,650,Germany,Female,28,5,122034.4,3,0,1,146663.43,1,85.0,High Risk,ðŸ“ž Call Immediately
15612478,525,France,Male,51,10,0.0,3,1,0,171045.35,1,97.0,High Risk,ðŸ“ž Call Immediately
15574830,633,Germany,Male,58,2,128137.42,2,1,0,147635.33,1,90.0,High Risk,ðŸ“ž Call Immediately
15601012,802,France,Female,60,3,92887.06,1,1,0,39473.63,1,96.0,High Risk,ðŸ“ž Call Immediately
15727619,753,Germany,Female,46,9,113909.69,3,1,0,92320.37,1,99.0,High Risk,ðŸ“ž Call Immediately
15663987,723,Spain,Male,30,1,0.0,3,1,0,164647.72,1,80.0,High Risk,ðŸ“ž Call Immediately
15709016,687,Germany,Female,47,1,91219.29,1,0,0,158845.49,1,95.0,High Risk,ðŸ“ž Call Immediately
15647292,697,France,Male,63,7,148368.02,1,0,0,118862.08,1,92.0,High Risk,ðŸ“ž Call Immediately
15728838,578,France,Male,45,1,148600.91,1,1,0,143397.14,1,87.0,High Risk,ðŸ“ž Call Immediately
15622985,679,France,Female,39,4,0.0,1,0,0,172939.3,1,86.0,High Risk,ðŸ“ž Call Immediately
15569976,754,Germany,Male,65,1,136186.44,1,1,1,121529.59,1,83.0,High Risk,ðŸ“ž Call Immediately
15737047,754,France,Female,45,6,0.0,1,1,0,73881.68,1,83.0,High Risk,ðŸ“ž Call Immediately
15633194,771,France,Female,41,10,108309.0,4,1,1,137510.41,1,98.0,High Risk,ðŸ“ž Call Immediately
15702541,551,France,Female,59,2,166968.28,1,1,0,159483.76,1,95.0,High Risk,ðŸ“ž Call Immediately
15683053,809,Spain,Female,48,2,0.0,1,1,0,160976.85,1,93.0,High Risk,ðŸ“ž Call Immediately
15637599,510,Germany,Female,44,4,123070.89,1,1,0,28461.29,1,88.0,High Risk,ðŸ“ž Call Immediately
15707637,765,France,Female,56,1,0.0,1,1,0,13228.93,1,95.0,High Risk,ðŸ“ž Call Immediately
15599329,697,France,Female,49,7,195238.29,4,0,1,131083.56,1,98.0,High Risk,ðŸ“ž Call Immediately
15717770,850,Spain,Female,55,7,0.0,1,0,0,171762.87,1,95.0,High Risk,ðŸ“ž Call Immediately
15803202,350,France,Male,51,10,0.0,1,1,1,125823.79,1,84.0,High Risk,ðŸ“ž Call Immediately
15570289,697,Germany,Male,43,8,103409.16,1,1,0,66893.28,1,87.0,High Risk,ðŸ“ž Call Immediately
15642530,706,Germany,Female,47,10,144090.42,1,1,0,140938.95,1,99.0,High Risk,ðŸ“ž Call Immediately
15691906,664,Germany,Female,49,5,127421.78,2,1,0,108876.75,1,84.0,High Risk,ðŸ“ž Call Immediately
15697510,707,Spain,Female,52,7,0.0,1,1,0,109688.82,1,98.0,High Risk,ðŸ“ž Call Immediately
15738088,634,Spain,Male,63,10,0.0,2,1,0,30772.86,1,84.0,High Risk,ðŸ“ž Call Immediately
15765173,350,France,Female,60,3,0.0,1,0,0,113796.15,1,99.0,High Risk,ðŸ“ž Call Immediately
15677310,761,Germany,Male,62,5,98854.34,1,0,0,86920.97,1,95.0,High Risk,ðŸ“ž Call Immediately
15590810,638,Germany,Female,41,9,144326.09,1,1,0,73979.85,1,82.0,High Risk,ðŸ“ž Call Immediately
15810444,562,Germany,Female,39,6,130565.02,1,1,0,9854.72,1,87.0,High Risk,ðŸ“ž Call Immediately
15590201,500,Spain,Female,50,5,0.0,4,1,1,83866.35,1,88.0,High Risk,ðŸ“ž Call Immediately
15675794,645,Germany,Male,47,9,152076.93,1,1,0,121840.2,1,89.0,High Risk,ðŸ“ž Call Immediately
15603764,560,France,Male,49,4,0.0,1,1,1,100075.1,1,86.0,High Risk,ðŸ“ž Call Immediately
15744873,657,Germany,Female,48,5,143595.87,1,0,0,101314.65,1,86.0,High Risk,ðŸ“ž Call Immediately
15578787,641,France,Female,52,4,0.0,1,1,0,90964.54,1,96.0,High Risk,ðŸ“ž Call Immediately
15570002,625,Germany,Female,55,8,118772.71,4,0,0,135853.62,1,99.0,High Risk,ðŸ“ž Call Immediately
15713975,565,Germany,Female,47,10,139756.12,1,1,0,165849.49,1,98.0,High Risk,ðŸ“ž Call Immediately
15592925,711,Spain,Male,42,3,177626.77,3,0,1,16392.72,1,93.0,High Risk,ðŸ“ž Call Immediately
15641319,518,Spain,Male,50,4,0.0,1,0,0,107112.25,1,89.0,High Risk,ðŸ“ž Call Immediately
15786463,645,Germany,Female,59,8,121669.93,2,0,0,91.75,1,89.0,High Risk,ðŸ“ž Call Immediately
15799635,577,Spain,Male,51,2,108867.0,1,0,0,140800.66,1,93.0,High Risk,ðŸ“ž Call Immediately
15792862,653,Germany,Male,41,1,104584.11,1,1,0,15126.32,1,82.0,High Risk,ðŸ“ž Call Immediately
15657349,803,Germany,Female,50,8,98173.02,1,0,0,22457.25,1,91.0,High Risk,ðŸ“ž Call Immediately
15653347,560,Spain,Male,47,1,0.0,1,0,0,128882.66,1,86.0,High Risk,ðŸ“ž Call Immediately
15597949,768,Germany,Female,47,5,104552.61,1,1,0,48137.08,1,87.0,High Risk,ðŸ“ž Call Immediately
15645323,630,France,Male,55,2,0.0,1,1,1,106202.07,1,81.0,High Risk,ðŸ“ž Call Immediately
15793311,765,Germany,Female,46,8,119492.88,2,0,1,166896.01,1,86.0,High Risk,ðŸ“ž Call Immediately
15705448,647,Germany,Male,52,7,130013.12,1,1,1,190806.36,1,81.0,High Risk,ðŸ“ž Call Immediately
15593499,686,Spain,Female,47,6,0.0,1,1,0,32080.69,1,93.0,High Risk,ðŸ“ž Call Immediately
15683339,656,Spain,Female,34,6,59877.33,1,1,0,14032.62,1,84.0,High Risk,ðŸ“ž Call Immediately
15663650,698,Germany,Male,52,10,107304.39,3,1,0,28806.32,1,93.0,High Risk,ðŸ“ž Call Immediately
15764033,693,Germany,Female,43,1,121927.92,1,1,0,87994.95,1,90.0,High Risk,ðŸ“ž Call Immediately
15664432,727,Spain,Female,49,7,96296.78,1,1,0,190457.87,1,85.0,High Risk,ðŸ“ž Call Immediately
15771668,578,France,Male,59,10,185966.64,1,0,0,9445.42,1,88.0,High Risk,ðŸ“ž Call Immediately
15636977,507,Germany,Male,36,9,118214.32,3,1,0,119110.03,1,92.0,High Risk,ðŸ“ž Call Immediately
15679551,504,Spain,Female,46,2,163764.84,1,1,1,165122.55,1,81.0,High Risk,ðŸ“ž Call Immediately
15606097,665,Germany,Male,63,7,104469.58,1,1,1,25165.36,1,80.0,High Risk,ðŸ“ž Call Immediately
15611767,624,Germany,Female,52,0,133723.43,1,0,0,4859.59,1,91.0,High Risk,ðŸ“ž Call Immediately
15643770,682,France,Female,52,5,112670.48,1,1,0,21085.17,1,91.0,High Risk,ðŸ“ž Call Immediately
15792650,382,Spain,Male,36,0,0.0,1,1,1,179540.73,1,84.0,High Risk,ðŸ“ž Call Immediately
15624180,584,Germany,Female,37,10,134171.8,4,1,1,70927.11,1,90.0,High Risk,ðŸ“ž Call Immediately
15806318,676,Germany,Female,48,2,124442.38,1,1,0,15068.53,1,92.0,High Risk,ðŸ“ž Call Immediately
15600399,598,France,Male,60,4,0.0,1,1,0,197727.14,1,94.0,High Risk,ðŸ“ž Call Immediately
15635364,618,France,Female,49,9,44301.43,3,1,1,89729.3,1,97.0,High Risk,ðŸ“ž Call Immediately
15766044,642,Germany,Male,49,4,120688.61,1,1,0,24770.22,1,90.0,High Risk,ðŸ“ž Call Immediately
15623989,435,France,Male,54,3,0.0,1,1,0,156910.46,1,97.0,High Risk,ðŸ“ž Call Immediately
15608381,585,Germany,Male,50,2,125845.66,1,1,0,9439.31,1,97.0,High Risk,ðŸ“ž Call Immediately
15766355,550,Germany,Male,49,0,108806.96,3,1,0,61446.92,1,98.0,High Risk,ðŸ“ž Call Immediately
15686099,563,Spain,Male,61,1,82182.1,1,1,0,106826.92,1,88.0,High Risk,ðŸ“ž Call Immediately
15815316,644,France,Male,50,9,76817.0,4,1,0,196371.13,1,97.0,High Risk,ðŸ“ž Call Immediately
15638882,710,Germany,Female,62,9,148214.36,1,1,0,48571.14,1,92.0,High Risk,ðŸ“ž Call Immediately
15734711,373,France,Male,42,7,0.0,1,1,0,77786.37,1,87.0,High Risk,ðŸ“ž Call Immediately
15606944,645,Germany,Male,43,9,140121.17,1,1,0,11302.7,1,89.0,High Risk,ðŸ“ž Call Immediately
15732438,561,France,Male,43,4,0.0,4,0,0,18522.91,1,88.0,High Risk,ðŸ“ž Call Immediately
15657306,567,France,Female,47,2,0.0,1,0,0,110900.43,1,87.0,High Risk,ðŸ“ž Call Immediately
15686242,771,France,Female,57,4,0.0,1,0,0,85876.67,1,95.0,High Risk,ðŸ“ž Call Immediately
15686060,670,Germany,Male,43,9,111677.88,1,1,0,178827.3,1,90.0,High Risk,ðŸ“ž Call Immediately
15601857,705,Germany,Female,46,4,115518.07,1,0,0,76544.9,1,88.0,High Risk,ðŸ“ž Call Immediately
15796115,689,Germany,Female,40,4,78119.59,4,1,0,119259.34,1,86.0,High Risk,ðŸ“ž Call Immediately
15632280,544,Spain,Female,53,9,0.0,1,1,0,125692.07,1,92.0,High Risk,ðŸ“ž Call Immediately
15675518,499,Spain,Female,53,1,75225.53,2,0,0,144849.1,1,88.0,High Risk,ðŸ“ž Call Immediately
15641175,701,Germany,Male,63,3,120916.52,3,0,0,144727.45,1,100.0,High Risk,ðŸ“ž Call Immediately
15687001,596,Germany,Male,54,1,123544.0,1,1,1,120314.75,1,85.0,High Risk,ðŸ“ž Call Immediately
15592716,559,France,Male,52,2,0.0,1,1,0,129013.59,1,94.0,High Risk,ðŸ“ž Call Immediately
15651900,782,Germany,Female,53,1,81571.05,1,1,0,182960.46,1,86.0,High Risk,ðŸ“ž Call Immediately
15775192,732,Germany,Female,48,4,102962.62,1,1,0,120852.85,1,98.0,High Risk,ðŸ“ž Call Immediately
15699415,618,France,Female,46,6,150213.71,1,1,0,120668.46,1,81.0,High Risk,ðŸ“ž Call Immediately
15632051,550,Germany,Female,42,10,128707.31,1,1,0,63092.65,1,88.0,High Risk,ðŸ“ž Call Immediately
15634551,727,Germany,Male,46,3,115248.11,4,1,0,130752.01,1,96.0,High Risk,ðŸ“ž Call Immediately
15593778,779,France,Female,29,3,46388.16,3,1,0,127939.26,1,85.0,High Risk,ðŸ“ž Call Immediately
15655360,782,Germany,Female,72,5,148666.99,1,1,0,2605.65,1,87.0,High Risk,ðŸ“ž Call Immediately
15801411,623,Spain,Male,46,4,0.0,1,1,0,5549.11,1,87.0,High Risk,ðŸ“ž Call Immediately
15658409,686,France,Male,41,5,128876.71,3,1,1,106939.34,1,96.0,High Risk,ðŸ“ž Call Immediately
15752294,582,France,Female,38,9,135979.01,4,1,1,76582.95,1,96.0,High Risk,ðŸ“ž Call Immediately
15716085,739,Spain,Female,41,8,0.0,1,1,0,191694.77,1,81.0,High Risk,ðŸ“ž Call Immediately
15807120,841,Germany,Female,52,3,112383.03,1,1,0,85516.37,1,90.0,High Risk,ðŸ“ž Call Immediately
15570533,621,Germany,Female,55,7,131033.76,1,0,1,75685.59,1,84.0,High Risk,ðŸ“ž Call Immediately
15603135,634,Germany,Female,59,3,95727.05,1,0,0,97939.4,1,94.0,High Risk,ðŸ“ž Call Immediately
15658768,547,France,Female,49,2,0.0,1,0,0,65466.93,1,87.0,High Risk,ðŸ“ž Call Immediately
15603111,850,Spain,Male,71,10,69608.14,1,1,0,97893.4,1,86.0,High Risk,ðŸ“ž Call Immediately
15728963,617,Germany,Female,51,10,167273.71,1,0,0,93439.75,1,93.0,High Risk,ðŸ“ž Call Immediately
15609735,533,Germany,Male,51,6,127545.56,2,0,0,79559.02,1,83.0,High Risk,ðŸ“ž Call Immediately
15706458,812,Germany,Male,39,5,115730.71,3,1,1,185599.34,1,93.0,High Risk,ðŸ“ž Call Immediately
15704053,710,Spain,Male,62,3,131078.42,2,1,0,119348.76,1,83.0,High Risk,ðŸ“ž Call Immediately
15724321,516,Germany,Female,47,9,128298.74,1,0,0,149614.17,1,86.0,High Risk,ðŸ“ž Call Immediately
15807728,530,France,Female,45,1,0.0,1,0,1,190663.89,1,93.0,High Risk,ðŸ“ž Call Immediately
15764916,616,Germany,Female,43,7,95984.21,1,0,1,115262.54,1,82.0,High Risk,ðŸ“ž Call Immediately
15785358,586,Germany,Male,46,8,106968.96,1,1,1,79366.98,1,83.0,High Risk,ðŸ“ž Call Immediately
15775761,610,Germany,Female,69,5,86038.21,3,0,0,192743.06,1,89.0,High Risk,ðŸ“ž Call Immediately
15659327,520,France,Male,49,5,121197.64,1,1,0,72577.33,1,82.0,High Risk,ðŸ“ž Call Immediately
15742091,825,Germany,Female,35,6,118336.95,1,1,0,26342.33,1,85.0,High Risk,ðŸ“ž Call Immediately
15722731,653,France,Male,46,0,119556.1,1,1,0,78250.13,1,83.0,High Risk,ðŸ“ž Call Immediately
15813946,637,Germany,Male,51,1,104682.83,1,1,0,55266.96,1,96.0,High Risk,ðŸ“ž Call Immediately
15799358,516,France,Female,46,6,62212.29,1,0,1,171681.86,1,87.0,High Risk,ðŸ“ž Call Immediately
15572182,505,Germany,Female,33,3,106506.77,3,1,0,45445.78,1,92.0,High Risk,ðŸ“ž Call Immediately
15669414,486,Germany,Male,62,9,118356.89,2,1,0,168034.83,1,96.0,High Risk,ðŸ“ž Call Immediately
15686974,751,France,Female,48,4,0.0,1,0,1,30165.06,1,92.0,High Risk,ðŸ“ž Call Immediately
15796764,684,Germany,Female,56,3,127585.98,3,1,1,80593.49,1,92.0,High Risk,ðŸ“ž Call Immediately
15755731,635,Germany,Male,53,8,117005.55,1,0,1,123646.57,1,87.0,High Risk,ðŸ“ž Call Immediately
15673020,678,France,Female,49,3,204510.94,1,0,1,738.88,1,81.0,High Risk,ðŸ“ž Call Immediately
15578865,632,Germany,Female,50,5,107959.39,1,1,1,6985.34,1,87.0,High Risk,ðŸ“ž Call Immediately
15707861,520,France,Female,46,10,85216.61,1,1,0,117369.52,1,82.0,High Risk,ðŸ“ž Call Immediately
15666295,610,Germany,Male,50,1,113957.01,2,1,0,196526.55,1,83.0,High Risk,ðŸ“ž Call Immediately
15769959,597,France,Female,53,4,88381.21,1,1,0,69384.71,1,91.0,High Risk,ðŸ“ž Call Immediately
